icd_code,mean_frequency,total_count
00160J6,1.0,4
00163J6,1.0,3
008Q4ZZ,1.0,1
009400Z,1.0,4
009430Z,1.0,2
009600Z,1.0,2
009630Z,1.0952380952380953,23
009640Z,1.0,1
009T3ZX,1.0,1
009U00Z,1.0,1
009U0ZZ,1.0,1
009U30Z,1.0,3
009U3ZX,1.08125,173
009U3ZZ,1.0,4
009Y30Z,1.0,1
009Y3ZX,1.0,1
00B00ZZ,1.0,2
00B03ZX,1.5,3
00B04ZX,1.0,1
00B04ZZ,1.0,1
00B10ZZ,1.0,4
00B60ZZ,1.0,1
00B70ZX,1.0,1
00B70ZZ,1.0,3
00BC0ZX,1.0,1
00BC0ZZ,1.0,3
00BM0ZZ,1.0,3
00BT0ZX,1.0,1
00BT0ZZ,1.0,2
00BW0ZX,1.0,1
00BW0ZZ,1.0,2
00BW3ZX,1.0,1
00BX0ZZ,1.0,3
00BY0ZX,1.0,1
00BY0ZZ,1.0,3
00BY3ZX,1.0,1
00C00ZZ,1.0,1
00C30ZZ,1.0,1
00C40ZZ,1.125,18
00C43ZZ,1.0,3
00C54ZZ,1.0,1
00C63ZZ,1.0,1
00C70ZZ,1.0,3
00CC0ZZ,1.0,1
00CT0ZZ,1.0,1
00CU0ZZ,1.0,2
00H632Z,1.0,1
00HU03Z,1.0,4
00HU0MZ,1.0,1
00HU33Z,1.0,21
00J03ZZ,1.0,1
00JU3ZZ,1.25,20
00N00ZZ,1.0,7
00NW0ZZ,1.0,12
00NX0ZZ,1.1428571428571428,8
00NY0ZZ,1.0,12
00P00JZ,1.0,1
00P63JZ,1.0,2
00PU0MZ,1.0,1
00Q20ZZ,1.0,1
00QT0ZZ,1.0,6
00U207Z,1.0,3
00U20JZ,1.0,2
00U20KZ,1.0,7
00UT0JZ,1.0,4
00UT0KZ,1.0,1
00WU0MZ,1.0,1
015L3ZZ,1.0,1
01B00ZZ,1.0,1
01BF0ZZ,1.0,1
01JY0ZZ,1.0,1
01N10ZZ,1.0,1
01N40ZZ,1.0,2
01N50ZZ,1.0,7
01N80ZZ,1.0,2
01NB0ZZ,1.0512820512820513,41
01NR0ZZ,1.0,1
01PY0MZ,1.0,1
01Q40ZZ,1.0,1
01S40ZZ,1.0,2
01S50ZZ,1.0,1
01S60ZZ,1.0,1
0210089,1.0,1
0210093,1.0,5
0210098,1.0,1
0210099,1.0,12
021009W,1.0,120
02100A3,1.0,3
02100A8,1.0,4
02100A9,1.0,8
02100AW,1.0,66
02100Z8,1.0,63
02100Z9,1.0,418
0211093,1.0,5
0211099,1.0,2
021109W,1.0,143
02110A9,1.0,4
02110AW,1.0,9
02110Z3,1.0,2
02110Z8,1.0,16
02110Z9,1.0,45
0212093,1.0,5
0212099,1.0,1
021209W,1.0,97
02120AW,1.0,4
02120KW,1.0,1
02120Z8,1.0,2
02120Z9,1.0,3
021309W,1.0,33
02130AW,1.0,1
02553ZZ,1.0,2
02560ZZ,1.0,1
02563ZZ,1.0,4
02570ZK,1.0,11
02570ZZ,1.0,6
02573ZZ,1.0,3
02580ZZ,1.0133333333333334,76
02583ZZ,1.0355329949238579,204
025F3ZZ,1.0,1
025M3ZZ,1.0,8
025S0ZZ,1.0,3
025T0ZZ,1.0,3
027005Z,1.0,1
0270346,1.0,11
027034Z,1.0217391304347827,376
0270356,1.0,3
027035Z,1.037037037037037,84
0270366,1.0,1
027036Z,1.0,19
027037Z,1.0,3
02703DZ,1.04,26
02703EZ,1.0,1
02703GZ,1.0,1
02703Z6,1.0,2
02703ZZ,1.0,95
0271346,1.0,5
027134Z,1.03125,33
0271356,1.0,7
027135Z,1.0,39
027136Z,1.0,19
027137Z,1.0,7
02713DZ,1.0,4
02713EZ,1.0,1
02713Z6,1.0,1
02713ZZ,1.0,12
0272346,1.0,1
027234Z,1.0,4
0272356,1.0,2
027235Z,1.0,1
0272366,1.0,2
027236Z,1.0,7
027237Z,1.0,2
02723FZ,1.0,1
02723ZZ,1.0,1
027334Z,1.0,2
027337Z,1.0,1
027F3ZZ,1.0,32
027G3ZZ,1.0,9
027L3ZZ,1.0,1
027V3DZ,1.0,1
027V3ZZ,1.1,11
027W04Z,1.0,1
027W3DZ,1.0,1
02B50ZZ,1.0,3
02B60ZZ,1.0,1
02B70ZK,1.0,19
02B70ZX,1.0,1
02B70ZZ,1.0,3
02BD0ZX,1.0,1
02BD0ZZ,1.0,2
02BD3ZX,1.0,1
02BF0ZX,1.0,1
02BF0ZZ,1.0,2
02BG0ZZ,1.0169491525423728,60
02BG3ZZ,1.0,1
02BH0ZZ,1.0,1
02BJ0ZZ,1.0,1
02BK3ZX,1.0294117647058822,35
02BM0ZZ,1.0,2
02BM3ZX,1.2,6
02BN0ZX,1.0,5
02BN0ZZ,1.0,5
02BN3ZX,1.0,1
02BN4ZX,1.0,1
02C00ZZ,1.0,4
02C03Z6,1.0,1
02C03ZZ,1.0172413793103448,59
02C13Z6,1.0,1
02C13ZZ,1.0,7
02C60ZZ,1.0,4
02C63ZZ,1.0,1
02C64ZZ,1.0,1
02C70ZZ,1.0,3
02CJ0ZZ,1.0,1
02CK0ZZ,1.0,2
02CL0ZZ,1.0,5
02CN0ZZ,1.4,14
02CP3ZZ,1.0,1
02CQ0ZZ,1.0,2
02CQ3ZZ,1.0,2
02CR0ZZ,1.0,2
02CR3ZZ,1.0,2
02CV3ZZ,1.0,1
02CX0ZZ,1.0,1
02H40JZ,1.0,1
02H43JZ,1.0,24
02H43KZ,1.0,22
02H60JZ,1.0,1
02H60KZ,1.0,2
02H633Z,1.0554621848739496,628
02H63JZ,1.003968253968254,253
02H63KZ,1.0,94
02H63MZ,1.0,2
02H63NZ,1.0,1
02H64JZ,1.0,1
02H73DZ,1.0,1
02H73JZ,1.0,2
02HA0QZ,1.0571428571428572,37
02HA0RZ,1.2857142857142858,9
02HA3RJ,1.0,13
02HA3RS,1.0,7
02HA3RZ,1.0561797752808988,94
02HK0JZ,1.0,6
02HK0KZ,1.0,2
02HK3JZ,1.0290322580645161,319
02HK3KZ,1.0,150
02HK3MZ,1.0,3
02HK3NZ,1.0,8
02HK4JZ,1.0,1
02HK4KZ,1.0,1
02HL0JZ,1.0,4
02HL0KZ,1.0,9
02HL0MZ,1.0,2
02HL3JZ,1.0,38
02HL3KZ,1.0,26
02HN0JZ,1.3333333333333333,8
02HN0KZ,1.0769230769230769,14
02HN32Z,1.0,1
02HN3JZ,1.0,1
02HN4KZ,1.0,1
02HP32Z,1.064039408866995,216
02HQ30Z,1.0,1
02HQ32Z,1.0341463414634147,212
02HQ33Z,1.0,2
02HR32Z,1.0,1
02HR33Z,1.0,1
02HV03Z,1.0,2
02HV33Z,1.0595282665668289,2830
02JA0ZZ,1.0,1
02JA3ZZ,1.0,9
02JY3ZZ,1.0,2
02K83ZZ,1.0205479452054795,149
02L70CK,1.0,54
02L70DK,1.0,1
02L70ZK,1.0,44
02L73DK,1.0,20
02L74CK,1.0,2
02LR3DT,1.0,1
02LS3DZ,2.0,2
02LW3DJ,1.0,1
02PA08Z,1.0,3
02PA0JZ,1.0,5
02PA0MZ,1.0769230769230769,14
02PA0QZ,1.0,2
02PA0RZ,1.0,6
02PA0YZ,1.0,1
02PA33Z,1.1,11
02PA3DZ,1.0,1
02PA3JZ,1.0,1
02PA3MZ,1.0495049504950495,106
02PA3NZ,1.0,2
02PA3QZ,1.0,4
02PA3RS,1.0,1
02PA3RZ,1.0204081632653061,50
02PA3YZ,1.0,1
02PAX2Z,1.0,1
02PAX3Z,1.0588235294117647,18
02PAXMZ,1.0,1
02PY03Z,1.0,1
02PY33Z,1.0416666666666667,25
02PY3DZ,1.0,2
02PYX3Z,1.0,29
02PYXDZ,1.0,2
02Q00ZZ,1.0,2
02Q03ZZ,1.0,1
02Q40ZZ,1.0,1
02Q50ZZ,1.0,28
02Q53ZZ,1.0,3
02Q60ZZ,1.0,4
02Q90ZZ,1.0,1
02QA0ZZ,1.0,4
02QF0ZZ,1.0,3
02QG0ZZ,1.0,15
02QJ0ZG,1.0,1
02QJ0ZZ,1.0,1
02QK0ZZ,1.1666666666666667,7
02QL0ZZ,1.0,3
02QM3ZZ,1.0,1
02QN0ZZ,1.0,1
02QP0ZZ,1.0,1
02QR0ZZ,1.0,1
02QV0ZZ,1.0,1
02QX0ZZ,1.0,2
02R90JZ,1.0,1
02RF08Z,1.004739336492891,212
02RF0JZ,1.0,58
02RF0KZ,1.0,9
02RF37Z,1.0,1
02RF38Z,1.0031055900621118,323
02RF3JZ,1.0,8
02RF3KZ,1.0,3
02RG08Z,1.0188679245283019,108
02RG0JZ,1.0,37
02RG0KZ,1.0,5
02RG37Z,1.0,1
02RG38Z,1.0,23
02RJ08Z,1.0,10
02RJ0JZ,1.0,1
02RJ48Z,1.0,3
02RW0JZ,1.0,10
02RX08Z,1.0,3
02RX0JZ,1.03125,33
02SV0ZZ,1.0,1
02SX0ZZ,1.0,1
02U508Z,1.0,1
02U53JZ,1.0,12
02U608Z,1.0,2
02U70KZ,1.0,1
02U90JZ,1.0,1
02UA08Z,1.0,1
02UA47Z,1.0,1
02UG07Z,1.0,1
02UG08Z,1.0,4
02UG0JZ,1.0060240963855422,167
02UG3JZ,1.01,101
02UJ0JZ,1.0,95
02UJ3JZ,1.0,7
02UK08Z,1.0,1
02UL07Z,1.0,1
02UL08Z,1.0,6
02UM08Z,1.0,1
02UM0JZ,1.0,1
02UN08Z,1.0,4
02UN0JZ,1.0,2
02UV08Z,1.0,1
02UW08Z,1.0,5
02UW0JZ,1.0,2
02UW3JZ,1.0,1
02UW4JZ,1.0,1
02UX08Z,1.0,17
02UX0JZ,1.0,5
02VG0ZZ,1.0,3
02VR3DZ,1.0,1
02VW3DZ,1.0833333333333333,13
02VW3EZ,1.0,1
02VW4DZ,1.0,1
02VX3DZ,1.0,1
02VX3FZ,1.0,1
02WA0MZ,1.0,6
02WA33Z,1.0,1
02WA38Z,1.0,1
02WA3JZ,1.0,3
02WA3MZ,1.0769230769230769,14
02WA3RZ,1.75,7
02WA4MZ,1.0,1
02WAXRZ,1.0,5
02WF38Z,1.0,1
02WF3JZ,1.0,2
02WG0JZ,1.0,1
02WG38Z,1.0,1
02WG3JZ,1.0,3
02WY33Z,1.0,6
02WYX3Z,1.0,9
02WYXDZ,1.0,1
03150J8,1.0,1
03150J9,1.0,1
03150JC,1.0,2
03160JB,1.0,1
03170JD,1.0,1
03170ZD,1.0,2
031809D,1.0,1
03180JD,1.0,3
03180JF,1.0,2
03180JV,1.0,1
03180KD,1.0,4
03180ZD,1.0,5
03180ZF,1.0,2
031C0ZF,1.0,5
031J0JK,1.0,2
031J0ZY,1.0,1
035G0ZZ,1.0,1
03723ZZ,1.0,2
03733ZZ,1.0,2
03743D6,1.0,1
03743DZ,1.0,2
03753ZZ,1.0,1
03763ZZ,1.0,1
03773DZ,1.0,1
03773ZZ,1.0,5
037834Z,1.0,1
03783EZ,1.0,1
03783ZZ,1.0909090909090908,12
03793ZZ,1.0,1
037B3ZZ,1.0,1
037C0Z1,1.0,1
037C3ZZ,1.0,3
037G3DZ,1.0,2
037G3ZZ,1.0,2
037H0DZ,1.0,1
037H3EZ,1.0,2
037J0DZ,1.0,1
037J3DZ,1.0,1
037K3DZ,1.0,5
037K3ZZ,1.0,1
037L0DZ,1.0,1
037L34Z,1.0,1
037L3D6,1.0,1
037L3DZ,1.0,4
037L3ZZ,1.0,1
037M3D6,1.0,1
037Y3DZ,1.0,2
037Y3ZZ,1.0,12
03B00ZZ,1.0,2
03B10ZZ,1.0,4
03B14ZZ,1.0,1
03B50ZZ,1.0,1
03B60ZZ,1.0,1
03B80ZZ,1.0,1
03BB0ZZ,1.0,1
03BB4ZZ,1.0,2
03BC0ZZ,1.0,4
03BC3ZZ,1.0,1
03BC4ZZ,1.0,78
03BS0ZX,1.0,2
03BT0ZX,1.0,2
03BY0ZZ,1.0,2
03C30ZZ,1.0,1
03C50ZZ,1.0,2
03C60ZZ,1.0,1
03C70ZZ,1.0,2
03C73ZZ,1.2,6
03C80ZZ,1.0,2
03C83Z6,1.0,1
03C83ZZ,1.0,8
03C93ZZ,1.0,1
03CB0ZZ,1.0,2
03CB3ZZ,1.0,1
03CC0ZZ,1.0,1
03CC3ZZ,1.0,1
03CG3Z7,1.0,11
03CG3ZZ,1.0,30
03CG4ZZ,1.0,1
03CH0Z6,1.0,2
03CH0ZZ,1.0,7
03CJ0ZZ,1.0,7
03CK0ZZ,1.0,10
03CK3Z6,1.0,1
03CK3ZZ,1.0,1
03CL0ZZ,1.0,17
03CL3Z7,1.0,1
03CL3ZZ,1.0,7
03CM0ZZ,1.0,5
03CN0Z6,1.0,1
03CN0ZZ,1.0,7
03CY0ZZ,1.0,1
03CY3ZZ,1.0,6
03H433Z,1.0,1
03H533Z,1.0,1
03H733Z,1.0,2
03H833Z,1.0,1
03HB33Z,1.0,7
03HC33Z,1.0,4
03HY32Z,1.0666666666666667,48
03JY0ZZ,1.0,4
03JY3ZZ,1.0,5
03JYXZZ,1.0,1
03L03DZ,1.0,1
03L50CZ,1.0,1
03L53DZ,1.0,1
03L70DZ,1.0,1
03L70ZZ,1.0,2
03L73ZZ,1.0,1
03L80CZ,1.0,1
03L80ZZ,1.0,2
03L83DZ,1.0,1
03LA0DZ,1.0,1
03LB0ZZ,1.0,1
03LC0DZ,1.0,1
03LG0CZ,1.0,4
03LG3DZ,1.0,4
03LK3DZ,1.0,3
03LN3DZ,1.0,1
03LP3DZ,1.0,1
03LU0CZ,1.0,1
03LU3DZ,1.0,1
03LY0ZZ,1.0,4
03LY3DZ,1.25,10
03LY3ZZ,1.0,1
03LY4DZ,1.0,1
03PY07Z,1.0,1
03PY0DZ,1.0,1
03PYX2Z,1.0,3
03Q70ZZ,1.0,1
03QJ0ZZ,1.0,1
03R707Z,1.0,1
03RF07Z,1.0,1
03RY07Z,1.0,1
03S80ZZ,1.0,1
03SK0ZZ,1.0,1
03SS0ZZ,1.0,1
03U60JZ,1.0,1
03UH0KZ,1.0,5
03UJ0KZ,1.0,3
03UK0JZ,1.0,1
03UK0KZ,1.0,5
03UL0JZ,1.0,1
03UL0KZ,1.0,13
03UM0KZ,1.0,1
03UN0KZ,1.0,2
03V33DZ,1.0,1
03V43DZ,1.0,1
03V63DZ,1.0,1
03VB0ZZ,1.0,1
03VC3ZZ,1.0,1
03VG0CZ,1.0,3
03VG3DZ,1.0,12
03VL3DZ,1.0,5
03VN3DZ,1.0,1
03VY3DZ,1.0,1
03WY03Z,1.0,1
03WY07Z,1.0,2
03WY0JZ,1.0,2
03WY3DZ,1.0,1
03WYX3Z,1.0,1
041009K,1.0,1
04100J2,1.0,1
04100JJ,1.0,1
04100JK,1.0,4
041D4JQ,1.0,1
041H0JH,1.0,1
041J0JQ,1.0,1
041K09L,1.0,5
041K09M,1.0,3
041K09N,1.0,1
041K09Q,1.0,2
041K0JJ,1.0,3
041K0JL,1.0,4
041K0JQ,1.0,2
041K0ZN,1.0,1
041L09L,1.0,3
041L09N,1.0,1
041L09P,1.0,2
041L09Q,1.0,2
041L0AH,1.0,1
041L0JH,1.0,2
041L0JL,1.0,10
041L0JN,1.0,1
041L0JQ,1.0,1
041L0KL,1.0,1
041L0KM,1.0,2
041L0KP,1.0,2
041L0ZL,1.0,2
041L4JL,1.0,1
041M09M,1.0,1
041M09P,1.0,3
041M09Q,1.0,2
041M0KQ,1.0,1
041M0ZQ,1.0,1
041N09P,1.0,2
041N09Q,1.0,4
047004Z,1.0,1
04703DZ,1.0,1
04703ZZ,1.0,1
04733DZ,1.5,3
04733ZZ,1.0,1
047504Z,1.0,1
047505Z,1.0,1
04750DZ,1.5,3
04753DZ,1.0,4
04753ZZ,1.0,1
047936Z,1.0,1
04793DZ,1.0,1
047A3DZ,1.0,2
047C0DZ,1.0,2
047C34Z,1.0,4
047C3DZ,1.0,5
047C3EZ,1.0,1
047C3ZZ,1.0,5
047D0DZ,1.0,3
047D0ZZ,1.0,1
047D34Z,1.0,3
047D3DZ,1.125,9
047D3ZZ,1.0,2
047F0DZ,1.0,1
047F3DZ,1.0,1
047H0DZ,1.0,3
047H34Z,1.0,2
047H3DZ,1.0,17
047H3EZ,1.0,1
047H3ZZ,1.0,3
047J0DZ,1.0,1
047J0ZZ,1.0,3
047J34Z,1.0,2
047J3DZ,1.0,11
047J3EZ,1.0,2
047J3ZZ,1.0,4
047K0DZ,1.0,1
047K0ZZ,1.0,1
047K346,1.0,1
047K34Z,1.0,9
047K356,1.0,1
047K35Z,1.0,5
047K3D1,1.0,1
047K3DZ,1.0,22
047K3EZ,1.0,4
047K3FZ,1.0,1
047K3G6,1.0,1
047K3Z1,1.0,12
047K3ZZ,1.0,20
047L0DZ,1.0,2
047L341,1.0,2
047L34Z,1.0,3
047L35Z,1.0,1
047L36Z,1.0,2
047L3D6,1.0,1
047L3DZ,1.0,13
047L3EZ,1.0,5
047L3GZ,1.0,1
047L3Z1,1.0,2
047L3ZZ,1.0,19
047M0DZ,1.0,1
047M34Z,1.0,2
047M35Z,1.0,1
047M3DZ,1.0,6
047M3EZ,1.0,1
047M3Z1,1.0,4
047M3ZZ,1.0,17
047N0DZ,1.0,1
047N341,1.0,1
047N34Z,1.0,2
047N3D6,1.0,1
047N3DZ,1.0,11
047N3GZ,1.0,1
047N3Z1,1.0,2
047N3ZZ,1.0,20
047P34Z,1.0,1
047P3DZ,1.0,1
047P3EZ,1.0,1
047P3ZZ,1.0384615384615385,27
047Q0EZ,1.0,1
047Q3DZ,1.0,2
047Q3ZZ,1.0,22
047R34Z,1.0,1
047R3Z6,1.0,1
047R3ZZ,1.0,20
047S3DZ,1.0,1
047S3ZZ,1.0,17
047T3DZ,1.0,2
047T3ZZ,1.0,12
047U3DZ,1.0,1
047U3ZZ,1.0,15
047V3ZZ,1.0,1
047W3ZZ,1.0,1
047Y3ZZ,1.0,3
049L30Z,1.0,1
04B00ZZ,1.0,1
04B03ZZ,1.0,1
04B50ZZ,1.0,1
04BK0ZZ,1.0,1
04BL0ZZ,1.0,1
04BM0ZZ,1.0,1
04C00ZZ,1.0,2
04C03ZZ,1.0,1
04C10ZZ,1.0,1
04C33ZZ,1.0,1
04C50ZZ,1.0,3
04C53ZZ,2.0,4
04CC0Z6,1.0,1
04CC0ZZ,1.0,4
04CD0ZZ,1.5,3
04CD3ZZ,1.0,1
04CF3ZZ,1.0,1
04CH0ZZ,1.0,3
04CH3ZZ,1.0,2
04CJ0ZZ,1.0,3
04CJ3ZZ,1.0,2
04CK0Z6,1.0,3
04CK0ZZ,1.0,42
04CK3ZZ,1.0,12
04CL0Z6,1.0,2
04CL0ZZ,1.0,44
04CL3ZZ,1.0,4
04CM0ZZ,1.0,2
04CM3ZZ,1.0,4
04CN0ZZ,1.0,7
04CN3ZZ,1.0,5
04CP0ZZ,1.0,2
04CP3ZZ,1.0,3
04CQ0ZZ,1.0,3
04CQ3ZZ,1.0,4
04CS0ZZ,1.0,1
04CS3ZZ,1.0,1
04CT3ZZ,1.0,1
04CU3ZZ,1.0,1
04CV0ZZ,1.0,2
04CY0ZZ,1.0,5
04CY3ZZ,1.0,2
04H13DZ,1.0,1
04H53DZ,1.0,2
04H93DZ,1.0,2
04HA3DZ,1.0,2
04HH3DZ,1.0,1
04HJ0DZ,1.0,1
04HJ3DZ,1.0,1
04HK33Z,1.0,7
04HK3DZ,1.0,2
04HL33Z,1.0,5
04HQ3DZ,1.0,1
04HY32Z,1.0,10
04JY0ZZ,1.0,2
04JY3ZZ,1.0,3
04L03DZ,1.0,2
04L03ZZ,1.0,1
04L23DZ,1.0,18
04L33DZ,1.1,22
04L53CZ,1.0,1
04L53DZ,1.0,2
04L63DZ,1.0,1
04L73DZ,2.0,2
04L83DZ,1.0,4
04L93DZ,1.0,2
04LA0ZZ,1.0,1
04LA3DZ,1.0,1
04LB0CZ,1.0,1
04LB3DZ,1.0,3
04LC3DZ,1.0,1
04LD0DZ,1.0,1
04LD3DZ,1.0,2
04LE0CZ,1.0,1
04LE3DT,1.0,2
04LE3DZ,1.0,7
04LF0CZ,1.0,1
04LF3DU,1.0,3
04LF3DZ,1.1818181818181819,13
04LH3DZ,1.0,4
04LJ0DZ,1.0,1
04LJ3DZ,1.0,5
04LK0ZZ,1.0,2
04LL0DZ,1.0,1
04LY3DZ,1.0,4
04LY3ZZ,1.0,1
04PY03Z,1.0,3
04PY07Z,1.0,1
04PY0DZ,1.2,6
04PY0JZ,1.4,14
04PY0KZ,1.0,1
04PY0YZ,1.0,4
04Q00ZZ,1.0,3
04Q30ZZ,1.0,1
04Q50ZZ,1.0,2
04QK0ZZ,1.1538461538461537,15
04QL0ZZ,1.0,14
04QY0ZZ,1.0,1
04R00JZ,1.0,5
04R04JZ,1.0,1
04R507Z,1.0,1
04RD07Z,1.0,1
04U007Z,1.0,1
04U00JZ,1.0,1
04U50KZ,1.0,1
04UC0KZ,1.0,1
04UH0KZ,1.0,1
04UJ0KZ,1.0,2
04UK07Z,1.0,3
04UK0JZ,1.0,3
04UK0KZ,1.0,23
04UK3JZ,1.0,3
04UK3KZ,1.0,1
04UL07Z,1.0,3
04UL0JZ,1.0,8
04UL0KZ,1.0,17
04UL3KZ,1.0,1
04UM0JZ,1.0,1
04UU0KZ,1.0,1
04V00DZ,1.0,2
04V03D6,1.0,3
04V03DZ,1.0434782608695652,24
04V03E6,1.0,4
04V03F6,1.0,5
04V03FZ,1.0,6
04V23DZ,1.0,4
04V33DZ,1.1818181818181819,13
04V43DZ,1.0,3
04V53DZ,1.0,2
04V73DZ,1.0,1
04V93DZ,1.0,2
04VA3DZ,1.0,1
04VB3DZ,1.0,1
04VC3DZ,1.0,2
04VC3EZ,1.0,2
04VD3DZ,1.0,3
04VD3EZ,1.0,3
04VE0DZ,1.0,1
04VE3DZ,1.25,5
04VF3DZ,1.0,2
04VH3DZ,1.0,5
04VJ3DZ,1.0,4
04VK3DZ,1.0,1
04VK3ZZ,1.0,2
04VL3DZ,1.0,2
04VM3DZ,1.0,2
04VN0ZZ,1.0,1
04VN3DZ,1.0,1
04VY3DZ,1.0,2
04VY3ZZ,1.0,1
04WY07Z,1.0,1
04WY0JZ,1.0,1
04WY37Z,1.0,1
04WY3DZ,1.0,5
04WY3JZ,1.0,2
05170JY,1.0,1
05733DZ,1.0,1
05733ZZ,1.0,2
05743DZ,1.0,1
05743ZZ,1.1666666666666667,7
05753D1,1.0,1
05753DZ,1.0,1
05753ZZ,1.0,5
05763DZ,1.0,1
05763ZZ,1.0,6
05773D1,1.0,1
05773DZ,1.0,1
05773ZZ,1.0,1
05783ZZ,1.0,3
05793D1,1.0,2
05793DZ,1.0,1
05793ZZ,1.0,3
057A3DZ,1.0,2
057A3Z1,1.0,1
057A3ZZ,1.0,7
057B3ZZ,1.0,1
057C3ZZ,1.1666666666666667,7
057D3D1,1.0,1
057D3DZ,1.0,1
057D3ZZ,1.0,10
057F3DZ,1.0,7
057F3ZZ,1.0,21
057Y3DZ,1.0,4
057Y3ZZ,1.0625,34
059F3ZZ,1.0,1
05BB0ZZ,1.0,2
05BC0ZZ,1.0,1
05BD0ZZ,1.0,1
05BF0ZZ,1.0,5
05BF3ZZ,1.0,1
05BN0ZZ,1.0,1
05BQ0ZZ,1.0,1
05BY0ZZ,1.0,1
05C33ZZ,1.0,1
05C43ZZ,1.0,1
05C53ZZ,1.0,1
05C63ZZ,1.0,2
05C73ZZ,1.0,1
05C83ZZ,1.0,1
05C93ZZ,1.0,1
05CA3ZZ,1.0,2
05CC3ZZ,1.0,3
05CD3ZZ,1.0,1
05CF3ZZ,1.0,8
05CY3ZZ,1.0666666666666667,16
05H333Z,1.0,3
05H433Z,1.0,6
05H533Z,1.0,23
05H633Z,1.0,21
05H733Z,1.0,7
05H833Z,1.0,6
05H933Z,1.0,9
05HA33Z,1.0,15
05HB33Z,1.0,17
05HC33Z,1.0,14
05HD33Z,1.0,3
05HF33Z,1.0,3
05HM33Z,1.0476190476190477,88
05HN33Z,1.0,28
05HP33Z,1.25,5
05HQ33Z,1.0,2
05HY33Z,1.0,31
05JY3ZZ,1.1666666666666667,7
05JYXZZ,1.0,2
05L93DZ,1.0,1
05LD0ZZ,1.0,1
05LD3DZ,1.0,1
05LF0ZZ,1.0,2
05LR0ZZ,1.0,1
05LY0ZZ,1.0,2
05NB4ZZ,1.0,1
05PY03Z,1.0,2
05PY07Z,1.0,1
05PY33Z,1.0,9
05PYX3Z,1.0,21
05Q30ZZ,1.0,2
05Q40ZZ,1.0,1
05QN0ZZ,1.0,1
05QY0ZZ,1.0,2
05RH07Z,1.0,1
05SC0ZZ,1.0,1
05U30KZ,1.0,1
05WY03Z,1.0,2
05WY07Z,1.0,2
05WY0JZ,1.0,1
05WY33Z,1.0,5
05WY37Z,1.0,1
05WY3DZ,1.0,1
05WYX3Z,1.0,1
06183DY,1.0,11
06183J4,1.0833333333333333,13
061Q4ZY,1.0,1
06553ZZ,1.0,1
065Y0ZZ,1.0,1
065Y3ZZ,1.0,1
06713ZZ,2.0,2
06753ZZ,2.0,2
06783DZ,1.3333333333333333,4
06783ZZ,1.0,5
067F3ZZ,1.0,1
067M3DZ,1.0,1
067Y3DZ,1.0,2
067Y3ZZ,1.0,2
06BM0ZZ,1.0,2
06BM4ZZ,1.0,1
06BN0ZZ,1.0,1
06BP0ZZ,1.0,24
06BP3ZZ,1.0,11
06BP4ZZ,1.0,142
06BQ0ZZ,1.0,31
06BQ3ZZ,1.0,7
06BQ4ZZ,1.0,235
06BS4ZZ,1.0,1
06BY0ZZ,1.0,3
06BY3ZC,1.0,1
06BY4ZZ,1.0,2
06C00ZZ,1.0,1
06C03ZZ,1.0,1
06C13ZZ,1.0,2
06C53ZZ,1.0,2
06C83ZZ,1.0,2
06CC3ZZ,1.0,1
06CD3ZZ,1.0,1
06CF3ZZ,1.0,1
06CG3ZZ,1.0,1
06CM3ZZ,1.0,1
06CN3ZZ,1.0,1
06H033Z,1.1,22
06H03DZ,1.0,51
06HD33Z,1.0,1
06HG33Z,1.0,1
06HM33Z,1.0333333333333334,31
06HN33Z,1.0,13
06HP33Z,1.0,1
06HT33Z,1.0,1
06HV33Z,1.0,1
06HY33Z,1.0,54
06JY3ZZ,1.0,3
06JY4ZZ,1.0,2
06L00ZZ,1.0,1
06L13DZ,1.0,1
06L24CZ,1.0,1
06L33DZ,1.0,1
06L34CZ,1.0,9
06L38CZ,1.0,6
06L53DZ,1.0,5
06L63DZ,1.0,1
06L83DZ,1.0,1
06LB3DZ,1.0,1
06LC0ZZ,1.0,1
06LD0ZZ,1.0,1
06LN0ZZ,1.0,1
06LY0ZZ,1.0,1
06LY3DZ,1.0,1
06LY3ZZ,1.0,1
06NY4ZZ,1.0,1
06PY03Z,1.0,2
06PY0DZ,1.0,1
06PY0YZ,1.0,4
06PY33Z,1.0,2
06PY3DZ,1.0,2
06PYX3Z,1.1428571428571428,8
06QM0ZZ,1.25,5
06QN0ZZ,1.0,1
06QY0ZZ,1.0,1
06RQ47Z,1.0,1
06SP0ZZ,1.0,1
06UQ0KZ,1.0,1
06V13DZ,1.0,1
06V23DZ,1.0,1
06V33DZ,1.0,1
06V53DZ,1.0,1
06WY3DZ,1.0,6
06WY3JZ,1.0,2
07913ZX,1.0,1
07953ZX,1.0,1
07974ZX,1.0,1
07978ZX,1.0,1
079B3ZX,1.0,1
079D3ZX,1.0,1
079D4ZX,1.0,1
079P30Z,1.0,6
079P3ZX,1.0,1
079T3ZX,1.0,4
07B10ZX,1.0,1
07B10ZZ,1.0,2
07B13ZX,1.0,3
07B20ZX,1.0,3
07B23ZX,1.0,5
07B40ZX,1.0,1
07B50ZX,1.0,2
07B50ZZ,1.0,1
07B53ZX,1.0,2
07B60ZX,1.0,4
07B60ZZ,1.0,1
07B70ZX,1.0,3
07B70ZZ,1.0,2
07B74ZX,1.0,16
07B74ZZ,1.0,1
07BB0ZZ,1.0,2
07BB4ZX,1.0,2
07BC0ZX,1.0,1
07BC0ZZ,1.0,1
07BC3ZX,1.0,1
07BC4ZX,1.0,2
07BC4ZZ,1.0,2
07BD0ZX,1.0,1
07BD0ZZ,1.0,3
07BD3ZX,1.0,6
07BD4ZX,1.0,3
07BH0ZX,1.0,3
07BH3ZX,1.0,4
07BJ0ZX,1.0,3
07BJ3ZX,1.0,2
07BP3ZX,1.0,1
07D13ZX,1.0,1
07D23ZX,1.0,1
07D73ZX,1.0,2
07D78ZX,1.0,12
07DC3ZX,1.0,1
07DH3ZX,1.0,1
07DJ3ZX,1.0,2
07DR3ZX,1.3333333333333333,164
07DR3ZZ,1.0,1
07JT3ZZ,1.0,1
07Q60ZZ,1.0,1
07QP0ZZ,1.0,1
07T10ZZ,1.0,4
07T20ZZ,1.0,4
07T60ZZ,1.0,2
07T70ZZ,1.0,3
07T74ZZ,1.0,2
07TC0ZZ,1.0,1
07TC4ZZ,1.0,5
07TD4ZZ,1.0,1
07TM0ZZ,1.0,1
07TM4ZZ,1.0,1
07TP0ZZ,1.0,1
07TP4ZZ,1.0,2
08923ZZ,1.0,1
08933ZZ,1.0,1
08953ZZ,1.0,1
089D3ZZ,1.0,1
08B43ZZ,1.0,2
08BA0ZZ,1.0,1
08BQXZZ,1.0,1
08LX7DZ,2.0,2
08LY7DZ,2.0,2
08N0XZZ,1.0,1
08N43ZZ,1.0,3
08NE3ZZ,1.0,1
08NF3ZZ,1.0,1
08NP3ZZ,1.0,1
08NR3ZZ,1.0,1
08Q0XZZ,1.0,1
08QE3ZZ,1.0,3
08QF3ZZ,1.5,3
08QNXZZ,1.0,1
08QPXZZ,1.0,2
08QQXZZ,1.0,1
08QRXZZ,1.0,1
08RJ3JZ,1.0,1
08RK3JZ,1.0,1
08T53ZZ,1.0,1
093K7ZZ,1.0,4
093K8ZZ,1.0,3
095K4ZZ,1.5,3
095KXZZ,1.0,1
099B4ZZ,1.0,1
099C4ZZ,1.0,1
099P4ZZ,1.0,1
099Q4ZZ,1.0,1
099R4ZZ,1.0,1
099S4ZZ,1.0,1
099T4ZZ,1.0,1
099U4ZZ,1.0,1
099V4ZZ,1.0,1
099W4ZZ,1.0,1
099X4ZZ,1.0,1
09BM4ZZ,1.0,1
09BM8ZZ,1.0,1
09BN4ZX,1.0,1
09BN4ZZ,1.0,1
09BS4ZZ,1.0,1
09BT4ZZ,1.0,1
09CK8ZZ,1.0,1
09CW4ZZ,1.0,1
09CW8ZZ,1.0,1
09CX4ZZ,1.0,1
09DU4ZZ,1.0,1
09DV4ZZ,1.0,1
09JK8ZZ,1.0,8
09JKXZZ,1.0,1
09JY4ZZ,1.0,1
09JY8ZZ,1.0,2
09PK8YZ,1.0,1
09Q0XZZ,1.0,1
09QKXZZ,1.0,1
09QW8ZZ,1.0,1
09QX8ZZ,1.0,1
09SL8ZZ,1.0,2
09SM4ZZ,1.0,1
09TL4ZZ,1.0,1
09WK8DZ,1.0,1
0B110F4,1.0,26
0B113F4,1.0,110
0B114F4,1.0,1
0B21XEZ,1.0,1
0B21XFZ,1.2727272727272727,70
0B514ZZ,1.0,1
0B518ZZ,1.0769230769230769,14
0B538ZZ,1.0,5
0B558ZZ,1.0,1
0B568ZZ,1.5,3
0B577ZZ,3.0,3
0B578ZZ,1.2,6
0B588ZZ,1.0,1
0B5B8ZZ,1.0,2
0B5C8ZZ,1.0,2
0B5D8ZZ,2.0,2
0B5F8ZZ,1.0,1
0B5G3ZZ,1.0,3
0B5G8ZZ,1.0,1
0B5H8ZZ,1.0,1
0B5J3ZZ,1.0,1
0B5K8ZZ,1.0,1
0B5P4ZZ,1.0,1
0B717ZZ,1.0,2
0B718DZ,1.0,5
0B718ZZ,1.4166666666666667,17
0B738DZ,1.0,2
0B738ZZ,1.0,2
0B748ZZ,1.0,1
0B758DZ,1.0,1
0B758ZZ,1.0,2
0B768DZ,1.0,2
0B778DZ,1.0,3
0B7B8DZ,1.0,3
0B7B8ZZ,1.0,2
0B917ZZ,1.0,1
0B918ZZ,1.0,14
0B928ZX,1.0,1
0B938ZX,1.0526315789473684,20
0B938ZZ,1.0714285714285714,15
0B948ZX,1.0,21
0B948ZZ,1.0,2
0B958ZX,1.0769230769230769,56
0B958ZZ,1.0,4
0B968ZX,1.0238095238095237,43
0B968ZZ,1.1,11
0B9780Z,1.0,1
0B978ZX,1.0,21
0B978ZZ,1.3333333333333333,28
0B987ZZ,1.0,1
0B988ZX,1.0,14
0B988ZZ,1.0,2
0B998ZX,1.0,8
0B9B80Z,1.0,1
0B9B8ZX,1.1666666666666667,56
0B9B8ZZ,1.0,7
0B9C8ZX,1.0714285714285714,30
0B9D7ZX,1.0,3
0B9D8ZX,1.0615384615384615,69
0B9D8ZZ,1.3333333333333333,4
0B9F3ZX,1.0,1
0B9F8ZX,1.0422535211267605,74
0B9F8ZZ,1.0,7
0B9G7ZX,1.0,4
0B9G80Z,1.0,1
0B9G8ZX,1.12,28
0B9G8ZZ,1.0,2
0B9H7ZX,1.0,1
0B9H8ZX,1.0,17
0B9H8ZZ,1.0,1
0B9J7ZX,1.0,2
0B9J80Z,1.0,1
0B9J8ZX,1.108695652173913,51
0B9J8ZZ,1.0,4
0B9K8ZX,1.2,6
0B9K8ZZ,1.0,1
0B9L7ZX,1.0,2
0B9L8ZX,1.1666666666666667,7
0B9L8ZZ,1.0,2
0B9M7ZX,1.0,1
0B9M8ZX,1.0,8
0B9M8ZZ,1.1428571428571428,8
0B9N0ZZ,1.0,1
0B9N30Z,1.0714285714285714,15
0B9N3ZX,1.0,3
0B9N40Z,1.0,4
0B9N4ZX,1.0,2
0B9P00Z,1.0,2
0B9P0ZX,1.0,1
0B9P0ZZ,1.0,1
0B9P30Z,1.0,9
0B9P3ZX,1.0,1
0B9P40Z,1.0,1
0B9P4ZX,1.0,1
0BB10ZZ,1.0,5
0BB17ZZ,1.0,1
0BB18ZX,1.0,11
0BB18ZZ,1.1666666666666667,7
0BB38ZX,1.0,1
0BB58ZZ,1.0,1
0BB68ZX,1.0,1
0BB78ZX,1.0,4
0BB78ZZ,1.0,2
0BB88ZX,1.0,1
0BBB8ZZ,1.0,2
0BBC0ZX,1.0,1
0BBC3ZX,1.0,6
0BBC4ZX,1.0,6
0BBC4ZZ,1.0,3
0BBC8ZX,1.0,6
0BBD3ZX,1.0,1
0BBD4ZX,1.0,5
0BBD4ZZ,1.0,1
0BBD8ZX,1.0,3
0BBF0ZX,1.0,1
0BBF3ZX,1.0,3
0BBF4ZX,1.0,7
0BBF4ZZ,1.0,5
0BBF8ZX,1.0,4
0BBF8ZZ,1.0,1
0BBG0ZZ,1.0,1
0BBG3ZX,1.0,4
0BBG4ZX,1.0,2
0BBG4ZZ,1.0,5
0BBG8ZX,1.0,5
0BBH0ZZ,1.0,1
0BBJ0ZZ,1.0,2
0BBJ3ZX,1.0,3
0BBJ4ZX,1.0,1
0BBJ4ZZ,1.0,2
0BBJ8ZX,1.0,1
0BBK0ZX,1.0,1
0BBK8ZX,1.0,2
0BBN0ZZ,1.0,1
0BBN3ZX,1.0,2
0BBN4ZX,1.0714285714285714,15
0BBP3ZX,1.0,1
0BBP4ZX,1.0,15
0BC17ZZ,1.0,1
0BC18ZZ,1.0625,17
0BC28ZZ,1.0,3
0BC38ZZ,1.1666666666666667,28
0BC48ZZ,1.1,11
0BC58ZZ,1.0625,17
0BC68ZZ,1.0,19
0BC78ZZ,1.1071428571428572,31
0BC88ZZ,1.0,7
0BCB8ZZ,1.0,21
0BCC8ZZ,1.25,5
0BCD4ZZ,1.0,1
0BCD8ZZ,1.0,2
0BCF8ZZ,1.0,4
0BCG8ZZ,1.0,2
0BCJ8ZZ,1.0,3
0BCK8ZZ,1.0,2
0BCN0ZZ,1.0,1
0BCN4ZZ,1.0,2
0BCP4ZZ,1.0,2
0BD18ZX,1.3333333333333333,4
0BD38ZX,1.0,2
0BD68ZX,1.0,1
0BD78ZX,1.0,2
0BD88ZX,1.0,2
0BDB8ZX,1.3333333333333333,4
0BDC8ZX,1.5,3
0BDF8ZX,1.0,5
0BDJ8ZX,1.0,3
0BDK8ZX,1.0,1
0BDN4ZZ,1.0,2
0BDP0ZZ,1.0,3
0BDP4ZZ,1.0,3
0BH07DZ,1.0,1
0BH17EZ,1.1070205479452055,1293
0BH18DZ,1.5,3
0BH18EZ,1.1282051282051282,132
0BH48GZ,1.0,2
0BH58GZ,1.0,1
0BJ08ZZ,1.311377245508982,219
0BJ18ZZ,1.0,5
0BJK4ZZ,1.0,2
0BJL3ZZ,1.0,1
0BJL4ZZ,1.0,3
0BJQ3ZZ,1.0,2
0BJQ4ZZ,1.0,3
0BL68DZ,1.0,1
0BL88DZ,1.0,1
0BN18ZZ,1.0,1
0BND4ZZ,1.0,1
0BNF0ZZ,1.0,2
0BNF4ZZ,1.0,1
0BNJ4ZZ,1.0,1
0BNK0ZZ,1.0,1
0BNK4ZZ,1.0,5
0BNL4ZZ,1.0,3
0BNN4ZZ,1.0,3
0BNP4ZZ,1.0,1
0BP08DZ,1.0,3
0BP17FZ,1.0,1
0BP18DZ,1.0,4
0BP18FZ,1.0,2
0BP1XDZ,1.0,2
0BP1XFZ,1.0,8
0BPQ40Z,1.0,1
0BPQX0Z,1.0,4
0BQ10ZZ,1.0,3
0BQ30ZZ,1.0,1
0BQL0ZZ,1.0,1
0BQP0ZZ,1.0,1
0BQR4ZZ,1.0,2
0BQS0ZZ,1.0,1
0BQS4ZZ,1.0,2
0BQT0ZZ,1.0,1
0BQT4ZZ,1.0,1
0BST0ZZ,1.0,1
0BTC0ZZ,1.0,5
0BTC4ZZ,1.0,2
0BTD4ZZ,1.0,2
0BTG0ZZ,1.0,1
0BTJ0ZZ,1.0,1
0BU107Z,1.0,1
0BU10JZ,1.0,3
0BU14KZ,1.0,1
0BU30JZ,1.0,2
0BU50JZ,1.0,1
0BU70JZ,1.0,2
0BUT0JZ,1.0,1
0BUT4JZ,1.0,1
0BW10FZ,1.5,3
0BW13FZ,1.0,1
0BW18DZ,1.0,1
0BW18FZ,1.0,9
0BW1XFZ,1.0,2
0C5S8ZZ,1.0,3
0C7M8ZZ,1.0,1
0C7S8ZZ,1.0,4
0C9400Z,1.0,1
0C940ZZ,1.0,1
0C94XZZ,1.0,1
0C95XZZ,1.0,1
0C963ZX,1.0,1
0C9H3ZZ,1.0,1
0C9J3ZX,1.0,1
0C9P0ZZ,1.0,1
0C9P3ZZ,1.0,1
0C9WXZ0,1.0,1
0CB30ZZ,1.0,2
0CB40ZZ,1.0,1
0CB70ZZ,1.0,2
0CB7XZX,1.0,1
0CBM0ZZ,1.0,3
0CBM8ZX,1.0,1
0CBPXZZ,1.0,1
0CBR8ZX,1.0,1
0CBS0ZZ,1.0,1
0CBS8ZX,1.0,4
0CBS8ZZ,1.0,2
0CCM8ZZ,1.0,1
0CDWXZ0,1.0,8
0CDWXZ1,1.0,28
0CDWXZ2,1.0,3
0CDXXZ0,1.0,13
0CDXXZ1,1.0333333333333334,31
0CDXXZ2,1.0,2
0CHY7BZ,1.0,1
0CJS8ZZ,1.0970873786407767,113
0CJY7ZZ,1.0,1
0CJY8ZZ,1.0,36
0CNS8ZZ,1.0,1
0CQ0XZZ,1.0,1
0CQM0ZZ,1.0,1
0CR407Z,1.0,1
0CR707Z,1.0,1
0CT80ZZ,1.0,1
0CT90ZZ,1.0,3
0CTS0ZZ,1.0,2
0CTW0Z0,1.0,2
0CTW0Z1,1.0,2
0CTW0Z2,1.0,1
0CTX0Z0,1.0,6
0CTX0Z1,1.0,1
0CTX0Z2,1.0,1
0D154ZA,1.0,2
0D160ZA,1.0,4
0D163J4,1.0,1
0D164Z9,1.0,1
0D164ZA,1.0,4
0D168ZA,1.0,1
0D180Z8,1.0,1
0D1A0Z4,1.0,4
0D1A0ZA,1.0,3
0D1A0ZB,1.0,2
0D1B0Z4,1.0416666666666667,25
0D1B0ZK,1.0,1
0D1B0ZL,1.0,1
0D1B4Z4,1.0,5
0D1E0ZE,1.0,1
0D1K0Z4,1.0,3
0D1L0Z4,1.0,8
0D1L4Z4,1.0,1
0D1M0Z4,1.0714285714285714,15
0D1M4Z4,1.0,2
0D1N0Z4,1.0,16
0D1N4Z4,1.0,6
0D20X0Z,1.0,1
0D20XUZ,1.0909090909090908,36
0D2DXUZ,1.1851851851851851,32
0D558ZZ,1.0,2
0D568ZZ,1.0,32
0D578ZZ,1.0,3
0D588ZZ,1.0,3
0D598ZZ,1.0294117647058822,35
0D5A8ZZ,1.0666666666666667,16
0D5B8ZZ,1.0,1
0D5C8ZZ,1.0,1
0D5F8ZZ,1.0,1
0D5H8ZZ,1.0,5
0D5K8ZZ,1.0,6
0D5L8ZZ,1.0,3
0D5M8ZZ,1.0,1
0D5N8ZZ,1.0,3
0D5P8ZZ,1.0,3
0D718ZZ,1.0,4
0D728ZZ,1.0,2
0D738ZZ,1.5,6
0D748DZ,1.0,2
0D748ZZ,1.0,3
0D757ZZ,1.0,1
0D758DZ,1.0,1
0D758ZZ,1.0,10
0D778DZ,1.0,1
0D778ZZ,1.0,1
0D798DZ,1.0,4
0D798ZZ,1.2857142857142858,9
0D7A8ZZ,1.0,1
0D7B8ZZ,1.0,1
0D7H8ZZ,1.0,1
0D7L8ZZ,1.0,1
0D7N8DZ,1.0,1
0D7N8ZZ,1.0,1
0D7P8DZ,1.0,1
0D7P8ZZ,1.0,2
0D844ZZ,1.0,2
0D848ZZ,1.0,1
0D878ZZ,1.0,1
0D9600Z,1.0,1
0D9670Z,1.0,10
0D9680Z,1.0,2
0D968ZX,1.0,2
0D968ZZ,1.0,1
0D980ZZ,1.0,1
0D9900Z,1.0,1
0D9930Z,1.0,1
0D9A00Z,2.0,2
0D9H30Z,1.0,1
0D9L8ZZ,1.0,1
0D9M8ZZ,1.0,1
0D9N30Z,1.0,2
0D9N3ZX,1.0,1
0D9N80Z,1.5,3
0D9N8ZX,1.0,1
0D9N8ZZ,1.0,1
0D9P00Z,1.0,1
0D9P30Z,1.0,3
0D9P3ZZ,1.0,1
0D9P70Z,1.0,1
0D9P80Z,1.0,2
0D9P8ZX,1.0,1
0D9Q0ZZ,1.0,1
0D9Q3ZZ,1.0,1
0D9Q7ZZ,1.0,1
0D9W0ZZ,1.0,1
0D9W30Z,1.0,5
0DB10ZZ,1.0,1
0DB18ZX,1.0,4
0DB28ZX,1.0,20
0DB34ZZ,1.0,2
0DB38ZX,1.0294117647058822,35
0DB40ZZ,1.0,1
0DB48ZX,1.0,29
0DB54ZZ,1.0,1
0DB58ZX,1.0,12
0DB60ZZ,1.0,6
0DB64Z3,1.0,15
0DB64ZZ,1.0,4
0DB68ZX,1.0,162
0DB68ZZ,1.0,7
0DB70ZZ,1.0,1
0DB74ZZ,1.0,1
0DB78ZX,1.0,60
0DB78ZZ,1.0,3
0DB80ZZ,1.12,28
0DB83ZX,1.0,1
0DB90ZX,1.0,1
0DB90ZZ,1.0,7
0DB98ZX,1.0377358490566038,110
0DBA0ZZ,1.1875,19
0DBA4ZZ,1.0,1
0DBA8ZX,1.125,9
0DBB0ZX,1.0,1
0DBB0ZZ,1.0909090909090908,36
0DBB4ZZ,1.0,2
0DBB8ZX,1.0,10
0DBC8ZX,1.0,4
0DBE0ZZ,1.0,3
0DBE8ZX,1.0,17
0DBF0ZZ,1.0,2
0DBF8ZX,1.0,10
0DBF8ZZ,1.0,1
0DBG0ZZ,1.0,1
0DBG8ZX,1.0,10
0DBH0ZZ,1.0,2
0DBH4ZZ,1.0,1
0DBH8ZX,1.0357142857142858,29
0DBH8ZZ,1.0,7
0DBJ4ZZ,1.0,1
0DBK0ZZ,1.0,2
0DBK4ZZ,1.0,1
0DBK8ZX,1.0606060606060606,35
0DBK8ZZ,1.0,12
0DBL0ZX,1.0,1
0DBL0ZZ,1.0,7
0DBL8ZX,1.032258064516129,32
0DBL8ZZ,1.0,14
0DBLFZZ,1.0,1
0DBM0ZZ,1.0,4
0DBM8ZX,1.0,26
0DBM8ZZ,1.0,6
0DBN0ZZ,1.0952380952380953,23
0DBN4ZZ,1.0,3
0DBN7ZZ,1.0,1
0DBN8ZX,1.037037037037037,56
0DBN8ZZ,1.0,11
0DBP0ZZ,1.125,9
0DBP4ZZ,1.0,1
0DBP7ZX,1.0,1
0DBP7ZZ,1.0,2
0DBP8ZX,1.0256410256410255,40
0DBP8ZZ,1.0,5
0DBQ8ZX,1.0,1
0DBQXZX,1.0,1
0DBS0ZX,1.0,1
0DBS0ZZ,1.0,2
0DBS3ZX,1.0,2
0DBT4ZX,1.0,1
0DBU0ZZ,1.0,2
0DBU3ZX,1.1666666666666667,7
0DBU4ZX,1.0,1
0DBV3ZX,1.0,2
0DBW0ZZ,1.0,4
0DC18ZZ,1.0,2
0DC28ZZ,1.0,2
0DC38ZZ,1.0,5
0DC48ZZ,1.0,1
0DC58ZZ,1.0,6
0DC68ZZ,1.0,9
0DCB0ZZ,1.0,1
0DCF0ZZ,1.0,1
0DCH8ZZ,1.0,1
0DCK8ZZ,1.0,1
0DCN8ZZ,1.0,1
0DCP8ZZ,1.0,1
0DCV0ZZ,1.0,2
0DCW0ZZ,1.0,1
0DD28ZX,1.0,1
0DD48ZX,1.0,1
0DD58ZX,1.0,1
0DD68ZX,1.0,6
0DD78ZX,1.0,5
0DD98ZX,1.2222222222222223,11
0DDB8ZX,1.0,1
0DDK8ZX,1.0,1
0DDL8ZX,1.0,1
0DDM8ZX,1.0,1
0DDN8ZX,1.0,2
0DDP8ZX,1.0,3
0DH58DZ,1.0,1
0DH60UZ,1.0,3
0DH633Z,1.0,1
0DH63UZ,1.0202429149797572,252
0DH64UZ,1.0,3
0DH67UZ,1.0217391304347827,47
0DH68UZ,1.0,9
0DH882Z,1.0,1
0DH97UZ,1.0,5
0DH98UZ,1.5,12
0DHA0UZ,1.0,1
0DHA3UZ,1.0476190476190477,44
0DHA4UZ,1.0,2
0DHA7UZ,1.0,4
0DHA8UZ,1.1764705882352942,20
0DHP8DZ,1.0,1
0DJ00ZZ,1.0,1
0DJ07ZZ,1.0196078431372548,104
0DJ08ZZ,1.0938897168405366,734
0DJ0XZZ,1.0,1
0DJ64ZZ,1.0,2
0DJ68ZZ,1.0,8
0DJD0ZZ,1.0,4
0DJD4ZZ,1.0,6
0DJD7ZZ,1.0,2
0DJD8ZZ,1.11244019138756,465
0DJDXZZ,1.0,1
0DJU0ZZ,1.0,1
0DJV0ZZ,2.0,2
0DL70ZZ,1.0,1
0DL78DZ,1.0,1
0DLA8DZ,1.0,1
0DLP8ZZ,1.0,1
0DN60ZZ,1.0,1
0DN64ZZ,1.0,1
0DN80ZZ,1.0,32
0DN84ZZ,1.0,3
0DNA0ZZ,1.0,3
0DNB0ZZ,1.0,3
0DNC0ZZ,1.0,1
0DNE0ZZ,1.0,3
0DNE4ZZ,1.0,1
0DNH0ZZ,1.0,1
0DNK0ZZ,1.0,1
0DNL0ZZ,1.0,3
0DNL4ZZ,1.0,3
0DNN0ZZ,1.0,1
0DNN4ZZ,1.0,1
0DNS0ZZ,1.0,2
0DNS4ZZ,1.0,2
0DNU0ZZ,1.0,6
0DNU4ZZ,1.0,5
0DNV0ZZ,1.0,1
0DNW0ZZ,1.0,16
0DNW4ZZ,1.0,5
0DP03YZ,1.0,1
0DP08DZ,1.0,2
0DP08UZ,1.0,1
0DP60YZ,1.0,1
0DP633Z,1.0,1
0DP63UZ,1.0,5
0DP64CZ,1.0,2
0DP6XUZ,1.0,7
0DPD4UZ,1.0,1
0DPD8UZ,1.0,1
0DPDXUZ,1.0,1
0DQ38ZZ,1.0,1
0DQ48ZZ,1.0,1
0DQ58ZZ,1.0,1
0DQ60ZZ,1.0,1
0DQ64ZZ,1.0,2
0DQ68ZZ,1.0,8
0DQ78ZZ,1.0,3
0DQ80ZZ,1.25,5
0DQ90ZZ,1.0,2
0DQ94ZZ,1.0,1
0DQ98ZZ,1.0,6
0DQA0ZZ,1.0,4
0DQA8ZZ,1.0,1
0DQB0ZZ,1.0,3
0DQE0ZZ,1.0,1
0DQF8ZZ,1.0,1
0DQH8ZZ,1.0,1
0DQK8ZZ,1.0,2
0DQL0ZZ,1.0,2
0DQM0ZZ,1.0,2
0DQP0ZZ,1.0,1
0DQP8ZZ,1.0,1
0DQQ0ZZ,1.0,1
0DQQ3ZZ,1.0,1
0DQQXZZ,1.0,1
0DS60ZZ,1.0,2
0DS64ZZ,1.0,3
0DS80ZZ,1.0,2
0DSA0ZZ,1.0,1
0DSE0ZZ,1.0,1
0DSM0ZZ,1.0,1
0DSM4ZZ,1.0,1
0DSP0ZZ,1.0,1
0DT60ZZ,1.0,1
0DT64ZZ,1.0,1
0DT80ZZ,1.0,3
0DT90ZZ,1.0,2
0DTA0ZZ,1.0,3
0DTB0ZZ,1.0,2
0DTE0ZZ,1.0,5
0DTE4ZZ,1.0,2
0DTF0ZZ,1.0,17
0DTF4ZZ,1.0714285714285714,15
0DTG0ZZ,1.0,6
0DTH0ZZ,1.0,5
0DTH4ZZ,1.0,1
0DTJ0ZZ,1.0,11
0DTJ4ZZ,1.0,7
0DTK0ZZ,1.0,2
0DTK4ZZ,1.0,1
0DTL0ZZ,1.0,3
0DTL4ZZ,1.0,3
0DTM0ZZ,1.0,1
0DTN0ZZ,1.0,22
0DTN4ZZ,1.0,6
0DTN7ZZ,1.0,1
0DTP0ZZ,1.0,6
0DTP4ZZ,1.0,4
0DTQ0ZZ,1.0,1
0DTQ4ZZ,1.0,2
0DTS0ZZ,1.0,1
0DTU0ZZ,1.0,2
0DTU4ZZ,1.0,1
0DU447Z,1.0,1
0DU507Z,1.0,2
0DU607Z,1.0,1
0DU907Z,1.0,3
0DU947Z,1.0,1
0DUE07Z,1.0,1
0DUL07Z,1.0,1
0DUN0JZ,1.0,1
0DUV0KZ,1.0,1
0DV44ZZ,1.0,4
0DW07UZ,1.0,3
0DW08UZ,1.0,2
0DW0XUZ,1.0,5
0DW6XUZ,1.0,3
0DWD3UZ,1.0,2
0DWD7UZ,1.0,1
0DWDXUZ,1.0,2
0F150DB,1.0,1
0F160DB,1.0,1
0F170ZB,1.0,1
0F190Z3,1.0,1
0F20X0Z,1.0,1
0F24X0Z,1.0,1
0F2BX0Z,1.5833333333333333,19
0F503ZZ,1.0,4
0F510ZZ,1.0,1
0F513ZZ,1.0,1
0F523ZZ,1.0,1
0F753DZ,1.0,1
0F758DZ,1.1666666666666667,7
0F758ZZ,1.0,1
0F763DZ,1.0,4
0F768DZ,1.25,5
0F768ZZ,1.0,1
0F773DZ,1.0,1
0F778DZ,1.0,1
0F778ZZ,1.0,2
0F790DZ,1.0,1
0F790ZZ,1.0,1
0F793DZ,1.4,7
0F793ZZ,1.1666666666666667,7
0F798DZ,1.0736196319018405,175
0F798ZZ,1.0357142857142858,29
0F7C3ZZ,1.0,2
0F7C8DZ,1.0,6
0F7C8ZZ,1.0,3
0F7D8DZ,1.0,11
0F7D8ZZ,1.0,2
0F7F8ZZ,1.0,1
0F9030Z,1.1111111111111112,10
0F903ZX,1.0,1
0F903ZZ,1.0,1
0F9040Z,1.0,1
0F9130Z,1.1666666666666667,14
0F913ZX,1.0,2
0F914ZX,1.0,1
0F9230Z,1.3333333333333333,4
0F923ZZ,1.0,1
0F924ZZ,1.0,1
0F9400Z,1.0,3
0F9430Z,1.044776119402985,70
0F943ZX,1.0,3
0F9440Z,1.0,1
0F9500Z,1.0,1
0F9530Z,1.5,9
0F9630Z,1.6666666666666667,10
0F9730Z,1.0,1
0F9900Z,1.0,1
0F9930Z,1.3846153846153846,18
0F993ZX,1.0,1
0F9980Z,1.0,5
0F998ZZ,1.0,10
0F9C8ZZ,1.0,1
0F9D80Z,1.0,1
0F9F8ZX,1.0,1
0F9G00Z,1.0,2
0F9G30Z,1.0,1
0F9G40Z,1.0,1
0F9G4ZX,1.0,1
0F9G80Z,1.0,1
0F9G8ZX,1.0,3
0FB00ZX,1.0,2
0FB00ZZ,1.0,1
0FB03ZX,1.0588235294117647,36
0FB04ZZ,1.0,1
0FB10ZX,1.0,4
0FB13ZX,1.0689655172413792,31
0FB14ZX,1.0,1
0FB20ZX,1.0,1
0FB23ZX,1.0,9
0FB24ZX,1.0,4
0FB40ZZ,1.0,4
0FB43ZX,1.0,1
0FB58ZX,1.0,2
0FB68ZX,1.0,2
0FB78ZX,1.0,2
0FB90ZX,1.0,1
0FB90ZZ,1.0,4
0FB93ZX,1.1666666666666667,7
0FB98ZX,1.0,18
0FBC3ZX,1.0,2
0FBC8ZX,1.0,8
0FBD0ZX,1.0,1
0FBG0ZZ,1.0,6
0FBG3ZX,1.0,2
0FBG4ZX,1.0,2
0FBG4ZZ,1.0,2
0FBG8ZX,1.0,2
0FC58ZZ,1.0,4
0FC68ZZ,1.0,5
0FC78ZZ,1.0,5
0FC88ZZ,1.0,1
0FC93ZZ,1.3333333333333333,4
0FC98ZZ,1.0234375,131
0FCC8ZZ,1.0,1
0FCD8ZZ,1.0,1
0FD93ZX,1.0,1
0FD98ZX,1.0,8
0FDC8ZX,1.0,1
0FF88ZZ,1.0,1
0FJ00ZZ,1.0,1
0FJ43ZZ,1.0,1
0FJ44ZZ,1.0,21
0FJB0ZZ,1.0,2
0FJB8ZZ,1.0,15
0FJD8ZZ,1.0,7
0FJG4ZZ,1.0,1
0FN00ZZ,1.0,5
0FN04ZZ,1.0,3
0FN40ZZ,1.0,1
0FN44ZZ,1.0,2
0FP030Z,1.0,1
0FP0X0Z,1.0,1
0FP430Z,1.3333333333333333,4
0FP440Z,1.0,1
0FP4X0Z,1.0,1
0FPB30Z,1.6,8
0FPB3DZ,1.4,7
0FPB80Z,1.0,1
0FPB8DZ,1.0535714285714286,59
0FPBX0Z,1.0,2
0FPD8DZ,1.0,5
0FQ70ZZ,1.0,2
0FT10ZZ,1.0,2
0FT20ZZ,1.0,1
0FT40ZZ,1.0,44
0FT44ZZ,1.0,55
0FTC0ZZ,1.0,2
0FTG0ZZ,1.0,1
0FWB3DZ,1.0,1
0FY00Z0,1.0,7
0FYG0Z0,1.0,2
0G9G3ZX,1.0,1
0GB04ZX,1.0,1
0GB23ZX,1.0,1
0GBG0ZZ,1.0,1
0GBG3ZX,1.0,3
0GBH0ZZ,1.0,1
0GBL0ZZ,1.0,3
0GBM0ZZ,1.0,2
0GBP0ZX,1.0,1
0GSN0ZZ,1.0,1
0GT24ZZ,1.0,3
0GTG0ZZ,1.0,1
0GTH0ZZ,1.0,3
0GTK0ZZ,1.0,2
0GTM0ZZ,1.0,1
0GTN0ZZ,1.0,1
0GTP0ZZ,1.0,1
0GTQ0ZZ,1.0,1
0H54XZZ,1.0,1
0H90XZZ,1.0,1
0H94XZX,1.0,1
0H94XZZ,1.0,1
0H96XZX,1.0,1
0H96XZZ,1.0,2
0H97XZZ,1.5,3
0H98XZZ,1.0,3
0H99XZZ,1.0,1
0H9AXZX,1.0,1
0H9AXZZ,1.0,1
0H9BXZZ,1.0,2
0H9CXZZ,1.0,1
0H9DXZZ,1.0,1
0H9FXZX,1.0,1
0H9FXZZ,1.0,2
0H9GXZX,1.0,1
0H9GXZZ,1.0,2
0H9HXZZ,1.0,3
0H9KX0Z,1.0,1
0H9KXZX,1.0,1
0H9KXZZ,1.125,9
0H9LXZZ,1.0,3
0H9MXZZ,1.1666666666666667,7
0H9NXZX,1.0,2
0H9NXZZ,1.0,7
0H9T0ZZ,1.0,3
0H9U3ZZ,1.0,2
0HB0XZX,1.0,1
0HB1XZX,1.0,4
0HB1XZZ,1.0,1
0HB2XZZ,1.0,1
0HB4XZX,1.0,1
0HB5XZX,1.0,9
0HB5XZZ,1.0,2
0HB6XZX,1.0,7
0HB6XZZ,1.0,6
0HB7XZX,1.0,10
0HB7XZZ,1.0,7
0HB8XZX,1.0,1
0HB9XZZ,3.0,3
0HBAXZX,1.0,2
0HBAXZZ,1.0,1
0HBBXZX,1.0,6
0HBCXZX,1.0,6
0HBCXZZ,1.0,1
0HBDXZX,1.25,5
0HBDXZZ,1.0,1
0HBEXZX,1.0,9
0HBEXZZ,2.0,2
0HBFXZX,1.0,2
0HBGXZX,1.0,2
0HBGXZZ,1.0,1
0HBHXZX,1.3,13
0HBHXZZ,1.0,21
0HBJXZX,1.0,6
0HBJXZZ,1.0,24
0HBKXZX,1.0,17
0HBKXZZ,1.0,2
0HBLXZX,1.0,12
0HBLXZZ,1.0,3
0HBMXZX,1.0,3
0HBMXZZ,1.0,8
0HBNXZX,1.0,4
0HBNXZZ,1.0,10
0HBQXZZ,1.0,1
0HBRXZZ,2.5,15
0HBT0ZZ,1.0,1
0HBT3ZX,1.0,1
0HBTXZZ,1.0,1
0HBU3ZX,1.0,1
0HBUXZZ,1.0,1
0HBV0ZZ,1.0,2
0HC1XZZ,1.0,1
0HCHXZZ,1.0,1
0HCKXZZ,1.0,1
0HCT0ZZ,1.0,1
0HD4XZZ,1.0,1
0HD5XZZ,1.0,2
0HD6XZZ,1.0,3
0HDEXZZ,1.0,2
0HDGXZZ,1.0,1
0HDHXZZ,1.0,1
0HDJXZZ,1.0,1
0HDMXZZ,1.0,4
0HDNXZZ,1.0,1
0HDRXZZ,1.0,1
0HJPXZZ,1.0,1
0HJU3ZZ,1.0,1
0HQ0XZZ,1.0,25
0HQ1XZZ,1.0,19
0HQ5XZZ,1.0,4
0HQ6XZZ,1.0,3
0HQ7XZZ,1.0,3
0HQBXZZ,1.0,1
0HQDXZZ,1.0,2
0HQFXZZ,1.0,2
0HQGXZZ,1.0,2
0HQHXZZ,1.0,1
0HQJXZZ,1.0,1
0HQKXZZ,1.0,1
0HQLXZZ,1.0,3
0HQMXZZ,1.0,5
0HR0X74,1.0,1
0HR5X74,1.0,2
0HR7X74,1.0,1
0HR9X74,1.0,1
0HRAX74,1.0,1
0HRCX73,1.0,1
0HRDX74,1.0,2
0HREX74,1.0,4
0HREXK4,1.0,1
0HRGX73,1.0,1
0HRHX74,1.0,2
0HRJX74,1.0,2
0HRJXK4,1.0,1
0HRKX73,1.0,1
0HRKX74,1.0,6
0HRLX74,1.0,8
0HRLXK3,1.0,1
0HRMX74,1.0,9
0HRMXJZ,1.0,1
0HRMXK3,1.0,3
0HRMXK4,1.0,1
0HRNX74,1.0,8
0HRNXK3,1.0,2
0HRV077,1.0,1
0HRWX7Z,1.0,1
0HRXX7Z,1.0,1
0HTRXZZ,1.0,2
0HTT0ZZ,1.0,2
0HTU0ZZ,1.0,2
0HUV37Z,1.0,1
0HWTX7Z,1.0,1
0HWU07Z,2.0,2
0HWUX7Z,1.0,1
0HX1XZZ,1.0,2
0HX4XZZ,1.0,2
0HX5XZZ,1.0,1
0HX7XZZ,1.0,1
0HXCXZZ,1.0,1
0HXDXZZ,1.0,1
0HXEXZZ,1.0,1
0HXJXZZ,1.0,1
0HXMXZZ,1.0,3
0HXNXZZ,1.0,2
0J2SXYZ,1.0,1
0J2TXYZ,1.0,8
0J2VXYZ,1.0,1
0J560ZZ,1.0,1
0J8M0ZZ,1.0,1
0J8N0ZZ,1.0,1
0J8P0ZZ,1.0,1
0J8W0ZZ,1.0,1
0J903ZZ,1.0,1
0J910ZZ,3.0,3
0J913ZX,1.0,1
0J943ZX,1.0,1
0J953ZX,1.0,1
0J960ZX,1.0,1
0J960ZZ,1.0,1
0J963ZX,1.0,1
0J970ZZ,1.0,2
0J9730Z,1.0,1
0J973ZX,1.0,2
0J973ZZ,1.0,2
0J9800Z,1.0,1
0J980ZZ,1.0,4
0J9830Z,1.0,1
0J983ZX,1.0,1
0J983ZZ,1.0,1
0J990ZX,1.0,1
0J990ZZ,1.0,3
0J993ZZ,1.0,1
0J9B0ZZ,1.0,2
0J9C0ZX,1.0,1
0J9C0ZZ,1.0,3
0J9C3ZX,1.0,1
0J9C3ZZ,1.5,3
0J9D0ZZ,1.0,1
0J9F3ZX,1.0,1
0J9G0ZX,1.0,2
0J9G0ZZ,1.0,2
0J9G3ZX,1.0,1
0J9J0ZZ,1.3333333333333333,4
0J9J3ZX,1.0,1
0J9K0ZX,1.0,1
0J9K0ZZ,1.0,3
0J9L00Z,1.0,1
0J9L0ZX,1.0,2
0J9L0ZZ,1.0,5
0J9L30Z,2.0,2
0J9L3ZX,1.0,3
0J9L3ZZ,1.0,2
0J9M0ZX,1.0,1
0J9M0ZZ,1.0,2
0J9M30Z,1.0,2
0J9M3ZX,1.0,3
0J9N00Z,1.0,1
0J9N0ZZ,1.0,1
0J9N30Z,1.0,1
0J9N3ZX,1.0,3
0J9P0ZZ,1.3333333333333333,4
0J9P30Z,2.0,2
0J9P3ZX,1.0,1
0J9P3ZZ,1.0,3
0J9Q0ZX,1.0,2
0J9Q0ZZ,1.0,6
0J9Q3ZX,1.0,2
0J9R00Z,1.0,1
0J9R0ZX,1.0,2
0J9R0ZZ,1.0,10
0J9R3ZX,1.0,1
0J9R3ZZ,1.0,1
0JB10ZZ,1.0,3
0JB53ZX,1.0,1
0JB60ZZ,1.1666666666666667,14
0JB70ZX,1.0,1
0JB70ZZ,1.105263157894737,21
0JB73ZX,1.3333333333333333,4
0JB80ZX,1.0,6
0JB80ZZ,1.3478260869565217,31
0JB83ZX,1.0,5
0JB90ZZ,1.0,5
0JBB0ZZ,1.6666666666666667,5
0JBC0ZZ,1.0,4
0JBC3ZX,1.0,1
0JBD0ZZ,1.0,3
0JBD3ZX,1.0,1
0JBF0ZX,1.0,1
0JBF0ZZ,1.0,1
0JBG0ZZ,1.0,2
0JBH0ZZ,1.0,3
0JBK0ZZ,1.0,1
0JBL0ZX,1.0,2
0JBL0ZZ,1.2727272727272727,14
0JBM0ZZ,2.0,8
0JBN0ZX,1.0,2
0JBN0ZZ,1.0769230769230769,14
0JBN3ZX,1.0,1
0JBP0ZZ,1.0555555555555556,19
0JBP3ZZ,1.0,1
0JBQ0ZX,1.0,1
0JBQ0ZZ,1.1333333333333333,85
0JBQ3ZZ,1.0,1
0JBR0ZZ,1.0972222222222223,79
0JC50ZZ,1.0,1
0JC60ZZ,1.0,5
0JC80ZZ,1.0,5
0JCC0ZZ,1.0,1
0JCD0ZZ,1.0,1
0JCG0ZZ,1.0,1
0JCH0ZZ,1.0,1
0JCL0ZZ,1.0,4
0JCM0ZZ,1.0,6
0JCM3ZZ,1.0,1
0JCN0ZZ,1.3333333333333333,4
0JCN3ZZ,1.0,1
0JCP0ZZ,1.0,1
0JCR0ZZ,2.0,2
0JCR3ZZ,1.0,1
0JD60ZZ,1.3333333333333333,8
0JD70ZZ,1.0,5
0JD80ZZ,1.75,7
0JD83ZZ,1.0,2
0JDB0ZZ,1.5,3
0JDC0ZZ,1.0,1
0JDF0ZZ,1.0,1
0JDG0ZZ,1.0,3
0JDH0ZZ,1.0,3
0JDK0ZZ,1.0,3
0JDL0ZZ,1.0,4
0JDL3ZZ,1.0,1
0JDM0ZZ,1.25,5
0JDN0ZZ,1.0,5
0JDP0ZZ,1.0,4
0JDQ0ZZ,1.0909090909090908,12
0JDQ3ZZ,1.0,1
0JDR0ZZ,1.0,5
0JDR3ZZ,1.0,1
0JH602Z,1.0,4
0JH604Z,1.0,39
0JH605Z,1.0,5
0JH606Z,1.0,233
0JH607Z,1.0,49
0JH608Z,1.0,127
0JH609Z,1.0,73
0JH60FZ,1.0,2
0JH60PZ,1.0,22
0JH60WZ,1.0,17
0JH60XZ,1.03125,33
0JH632Z,1.0,10
0JH634Z,1.0,1
0JH636Z,1.0,15
0JH637Z,1.0,7
0JH638Z,1.0,3
0JH63WZ,1.0,1
0JH63XZ,1.0470588235294118,178
0JH70DZ,1.0,1
0JH806Z,1.0,1
0JH807Z,1.0,3
0JHD3XZ,1.0,3
0JHF3XZ,1.0,2
0JHL3XZ,1.0,2
0JJT0ZZ,1.0,4
0JJV3ZZ,1.0,1
0JJW0ZZ,1.0,1
0JJW3ZZ,1.0,1
0JN80ZZ,1.0,1
0JPS03Z,1.0,1
0JPSX0Z,1.0,1
0JPT02Z,1.0,5
0JPT0MZ,1.0,2
0JPT0PZ,1.0,139
0JPT0VZ,1.0,2
0JPT0WZ,1.0,7
0JPT0XZ,1.0,2
0JPT0YZ,1.0,1
0JPT30Z,1.0,1
0JPT3PZ,1.0,10
0JPT3WZ,1.0,2
0JPT3XZ,1.0555555555555556,19
0JPTX0Z,1.0,1
0JPTXXZ,1.0,5
0JQ00ZZ,1.0,1
0JQ10ZZ,1.0,2
0JQ60ZZ,1.0,1
0JQ70ZZ,1.0,1
0JQ80ZZ,1.0,7
0JQC0ZZ,1.3333333333333333,4
0JQC3ZZ,1.0,1
0JQD0ZZ,1.0,1
0JQP0ZZ,2.0,2
0JQQ0ZZ,1.0,1
0JQR0ZZ,1.0,1
0JR107Z,1.0,1
0JRN07Z,1.0,1
0JRQ0KZ,1.0,1
0JUB0JZ,1.0,1
0JUP0KZ,1.0,1
0JUQ0JZ,1.0,1
0JWS0JZ,2.0,2
0JWT0PZ,1.0,3
0JWT33Z,1.0,1
0JWT3PZ,1.0,1
0JWT3XZ,1.0,1
0JWV3XZ,1.0,1
0JX40ZB,1.0,1
0JX70ZB,1.0,1
0JX90ZC,1.0,1
0JXB0ZC,1.0,2
0JXM0ZB,1.0,1
0JXP0ZB,1.0,1
0JXQ0ZB,1.0,2
0JXQ0ZC,1.0,1
0JXR0ZB,1.0,1
0JXR0ZC,1.0,1
0K5K3ZZ,1.0,1
0K840ZZ,1.0,1
0K844ZZ,1.0,1
0K8L0ZZ,1.0,1
0K9100Z,1.0,1
0K920ZZ,1.0,1
0K930ZZ,1.0,1
0K9730Z,1.0,1
0K9F3ZX,1.0,1
0K9F3ZZ,1.0,1
0K9G3ZZ,1.0,1
0K9L00Z,1.0,1
0K9L30Z,1.0,1
0K9L3ZZ,1.0,1
0K9N0ZZ,1.0,1
0K9N30Z,1.0,1
0K9N3ZX,1.0,2
0K9P3ZZ,1.0,1
0K9Q0ZZ,2.0,2
0K9Q3ZZ,1.0,1
0K9R0ZZ,1.0,1
0K9R30Z,1.0,1
0K9T0ZZ,1.0,1
0KB10ZZ,1.0,1
0KB30ZX,1.0,1
0KB50ZZ,1.0,2
0KB80ZX,1.0,1
0KB90ZZ,1.0,1
0KBB0ZZ,1.0,1
0KBD0ZZ,1.0,1
0KBF0ZX,1.0,1
0KBF0ZZ,1.2,6
0KBF3ZX,1.0,1
0KBG0ZX,1.0,3
0KBG0ZZ,1.2,6
0KBH0ZZ,1.0,4
0KBJ0ZZ,1.0,5
0KBK0ZZ,1.0,3
0KBL0ZZ,1.0,2
0KBM0ZZ,1.0,3
0KBN0ZZ,1.4,7
0KBP0ZZ,1.5,6
0KBQ0ZX,1.0,3
0KBQ0ZZ,1.0909090909090908,12
0KBR0ZX,1.0,1
0KBR0ZZ,1.125,9
0KBS0ZZ,1.0,7
0KBT0ZZ,1.0,5
0KBV0ZZ,1.1111111111111112,10
0KBW0ZZ,1.0,3
0KC80ZZ,1.0,1
0KCH0ZZ,1.0,1
0KCL0ZZ,2.0,2
0KCP0ZZ,1.0,1
0KCQ0ZZ,1.0,1
0KCS0ZZ,1.0,1
0KD50ZZ,1.0,1
0KDH0ZZ,1.0,1
0KDJ0ZZ,1.0,1
0KDW0ZZ,1.0,1
0KHX3YZ,1.0,1
0KN70ZZ,2.0,2
0KN90ZZ,1.5,3
0KNB0ZZ,1.0,1
0KNK0ZZ,1.0,9
0KNL0ZZ,1.0,9
0KNQ0ZZ,2.0,6
0KNS0ZZ,3.125,25
0KNT0ZZ,2.8333333333333335,17
0KQ10ZZ,1.0,1
0KQM0ZZ,1.0,1
0KQT0ZZ,1.0,1
0KR207Z,1.0,1
0KR307Z,1.0,1
0KRW07Z,1.0,1
0KU107Z,1.0,1
0KU207Z,1.0,1
0KU40JZ,1.0,1
0KUH07Z,1.0,1
0KUJ07Z,1.0,1
0KUV07Z,1.0,1
0KUW07Z,1.0,1
0KX10ZZ,1.0,1
0KX40ZZ,1.0,1
0KXF0Z1,1.0,1
0KXF0Z2,1.0,1
0KXG0Z2,1.0,1
0KXH0Z0,1.0,1
0KXH0Z1,1.0,1
0KXH0Z2,1.0,6
0KXH0ZZ,1.0,10
0KXJ0Z0,1.0,1
0KXJ0Z1,1.0,1
0KXJ0Z2,1.0,6
0KXJ0ZZ,1.0,9
0KXK0Z1,1.0,1
0KXK0ZZ,1.0,1
0KXL0Z1,1.0,1
0KXL0Z6,1.0,1
0KXL0ZZ,1.0,1
0KXQ0Z2,2.0,2
0KXQ0ZZ,1.0,6
0KXR0ZZ,1.0,3
0KXS0Z2,1.0,1
0KXS0ZZ,1.0,2
0KXT0Z2,1.0,1
0KXT0ZZ,1.0,5
0L8N0ZZ,1.0,1
0L8P0ZZ,1.0,1
0L8P3ZZ,1.0,2
0L8T0ZZ,1.0,1
0L8T3ZZ,1.0,1
0L8V0ZZ,1.0,1
0L970ZX,1.0,1
0L970ZZ,1.0,1
0L9S0ZZ,1.0,1
0L9V0ZZ,1.0,1
0L9W0ZZ,1.0,1
0LB10ZZ,1.0,1
0LB50ZZ,1.0,1
0LB60ZZ,1.0,1
0LBN0ZZ,1.0,1
0LBP0ZZ,1.0,2
0LBQ0ZZ,1.0,2
0LBS0ZZ,1.0,1
0LBT0ZZ,1.0,2
0LBV0ZZ,1.0,3
0LBW0ZZ,1.0,7
0LDT0ZZ,1.0,1
0LDW0ZZ,1.0,1
0LM20ZZ,1.0,1
0LMV0ZZ,1.0,1
0LN70ZZ,2.0,2
0LNJ0ZZ,1.0,1
0LNNXZZ,1.0,1
0LNP0ZZ,1.0,1
0LNT3ZZ,1.0,1
0LNV0ZZ,1.0,1
0LNW0ZZ,1.0,1
0LQ80ZZ,1.0,2
0LQJ0ZZ,1.0,2
0LQL0ZZ,1.0,1
0LQR0ZZ,1.0,1
0LS30ZZ,1.0,6
0LS40ZZ,1.0,3
0LST0ZZ,1.0,1
0M913ZX,1.0,1
0M940ZX,1.0,1
0M943ZX,1.0,1
0M953ZZ,1.0,1
0M9M00Z,1.0,1
0MBM0ZZ,2.0,2
0MBT0ZZ,1.0,1
0MD30ZZ,1.0,1
0MNR0ZZ,1.0,1
0NB10ZZ,1.0,1
0NBB4ZX,1.0,1
0NBR0ZZ,1.0,2
0NBT0ZZ,1.0,2
0NBV0ZX,1.0,1
0NCR0ZZ,1.0,1
0NP004Z,1.0,1
0NQTXZZ,1.0,1
0NQVXZZ,1.0,1
0NR00JZ,1.0,2
0NS004Z,1.0,1
0NU10JZ,1.0,1
0NU80JZ,1.0,1
0P943ZX,1.0,2
0PB00ZX,1.5,3
0PB00ZZ,1.3,13
0PB10ZZ,1.0,1
0PB13ZX,1.0,1
0PB20ZZ,1.0,3
0PB30ZX,1.0,1
0PB30ZZ,1.0,5
0PB33ZX,1.0,1
0PB40ZZ,1.0,6
0PB43ZX,1.0,3
0PB90ZZ,1.0,1
0PBD0ZX,1.0,1
0PBF0ZX,1.0,1
0PBF0ZZ,1.0,1
0PBF3ZX,1.0,1
0PBH0ZZ,1.0,1
0PBL0ZZ,1.0,1
0PBT0ZZ,1.0,1
0PBV0ZZ,1.0,1
0PC00ZZ,1.0833333333333333,13
0PCV0ZZ,1.0,1
0PD00ZZ,1.8333333333333333,11
0PH000Z,1.0,2
0PH004Z,1.0,1
0PHF04Z,1.0,1
0PHS05Z,1.0,1
0PJYXZZ,1.0,1
0PP004Z,1.125,9
0PPF04Z,1.0,1
0PPG04Z,1.0,1
0PPL04Z,1.0,1
0PQ00ZZ,1.0,10
0PS000Z,1.0,3
0PS004Z,1.0,3
0PS204Z,1.0,1
0PS304Z,1.0,1
0PS3XZZ,1.0,1
0PS404Z,1.0,3
0PS40ZZ,1.0,2
0PS43ZZ,1.2857142857142858,9
0PSB04Z,1.0,2
0PSC04Z,1.0,1
0PSDXZZ,1.0,3
0PSF04Z,1.0,7
0PSF36Z,1.0,1
0PSFXZZ,1.0,1
0PSG04Z,1.0,2
0PSG36Z,1.0,1
0PSH04Z,1.0,3
0PSHXZZ,1.0,4
0PSJ04Z,1.0,3
0PSJXZZ,1.0,7
0PSK04Z,1.0,1
0PSKXZZ,1.0,1
0PSL04Z,1.0,3
0PSL0ZZ,1.0,1
0PSP34Z,1.0,1
0PSPXZZ,1.0,2
0PSRXZZ,1.0,1
0PU00JZ,1.0,1
0PU40JZ,1.0,1
0PU40KZ,1.0,1
0PU43JZ,1.2857142857142858,9
0PU70JZ,1.0,1
0PUH0JZ,1.0,1
0Q800ZZ,1.0,1
0Q903ZX,1.0,1
0Q9G0ZZ,1.0,1
0QB00ZX,1.0,2
0QB00ZZ,1.0,4
0QB03ZX,1.0,10
0QB10ZX,1.0,1
0QB10ZZ,1.0,8
0QB23ZX,1.0,3
0QB33ZX,1.0,3
0QB50ZX,1.0,1
0QB50ZZ,2.0,6
0QB53ZX,1.0,1
0QB60ZX,1.0,1
0QB60ZZ,1.0,2
0QB70ZZ,1.3333333333333333,4
0QB80ZZ,1.0,1
0QBB0ZX,1.0,1
0QBB0ZZ,1.0,3
0QBC0ZX,1.0,2
0QBC0ZZ,1.0,2
0QBD0ZZ,1.0,1
0QBF0ZZ,1.0,1
0QBG0ZX,1.0,4
0QBG0ZZ,1.25,15
0QBG3ZX,1.0,1
0QBH0ZX,1.0,6
0QBH0ZZ,1.2,12
0QBJ0ZX,1.0,2
0QBJ0ZZ,1.0,5
0QBK0ZZ,1.0,1
0QBL0ZX,1.0,2
0QBL0ZZ,1.173913043478261,27
0QBL3ZX,1.0,2
0QBM0ZX,1.0,6
0QBM0ZZ,1.1111111111111112,30
0QBM3ZX,1.0,1
0QBM3ZZ,1.0,1
0QBN0ZX,1.0,4
0QBN0ZZ,1.236842105263158,47
0QBP0ZZ,1.2647058823529411,43
0QBP3ZX,1.0,1
0QBQ0ZX,1.0,2
0QBQ0ZZ,1.0,13
0QBR0ZX,1.0,1
0QBR0ZZ,1.0,10
0QBS0ZZ,1.5,3
0QBS3ZX,1.0,1
0QD80ZZ,1.0,1
0QDG0ZZ,1.0,2
0QDH0ZZ,1.0,2
0QH604Z,1.0,2
0QH606Z,1.0,2
0QH634Z,1.0,4
0QH636Z,1.0,3
0QH704Z,1.0,2
0QH706Z,1.0,1
0QH734Z,1.0,5
0QH736Z,1.0,3
0QH906Z,1.0,2
0QH934Z,1.0,1
0QH936Z,1.0,2
0QHB04Z,1.0,1
0QHB35Z,1.0,1
0QHG04Z,1.0,3
0QHG35Z,1.0,3
0QHH04Z,1.0,1
0QHH06Z,1.0,1
0QHH3CZ,1.0,2
0QHJ04Z,1.0,1
0QHL35Z,1.0,1
0QJY0ZZ,1.0,1
0QN00ZZ,1.0,1
0QP004Z,1.0,1
0QP404Z,1.0,1
0QP504Z,1.0,1
0QP604Z,1.0,6
0QP634Z,1.0,1
0QP704Z,1.0,5
0QP804Z,1.0,2
0QP834Z,1.0,1
0QP904Z,1.0,1
0QPB04Z,1.0,3
0QPC04Z,1.0,1
0QPG04Z,1.0,6
0QPH04Z,1.1428571428571428,8
0QPH05Z,1.0,1
0QPHX5Z,1.0,1
0QPJ04Z,1.0,6
0QPK04Z,1.0,1
0QPKX5Z,1.0,1
0QPL34Z,1.0,1
0QPM04Z,1.0,1
0QRC0JZ,1.0,1
0QS004Z,1.0,3
0QS00ZZ,1.0,2
0QS03ZZ,1.0,6
0QS404Z,1.0,3
0QS4XZZ,1.0,1
0QS504Z,1.0,1
0QS604Z,1.0,17
0QS606Z,1.0,14
0QS634Z,1.0,12
0QS636Z,1.0,12
0QS6XZZ,1.0,1
0QS704Z,1.0,32
0QS706Z,1.0,14
0QS734Z,1.0,14
0QS736Z,1.0,7
0QS804Z,1.0,11
0QS806Z,1.0,3
0QS836Z,1.0,3
0QS904Z,1.0,8
0QSB04Z,1.0,16
0QSB06Z,1.0,2
0QSB34Z,1.0,2
0QSB36Z,1.0,3
0QSC04Z,1.0,15
0QSC05Z,1.0,1
0QSC06Z,1.5,3
0QSC34Z,1.0,1
0QSC36Z,1.0,1
0QSF04Z,1.0,1
0QSG04Z,1.0,12
0QSG06Z,1.0,3
0QSG35Z,1.0,1
0QSG36Z,1.0,2
0QSGXZZ,1.0,1
0QSH04Z,1.0,13
0QSH06Z,1.0,3
0QSH34Z,1.0,1
0QSH35Z,1.0,1
0QSH36Z,1.0,1
0QSHXZZ,1.0,4
0QSJ04Z,1.0,10
0QSJXZZ,1.0,2
0QSK04Z,1.0,8
0QSKXZZ,1.5,3
0QSL04Z,1.0,1
0QTL0ZZ,1.0,1
0QTN0ZZ,1.0,4
0QTP0ZZ,1.0,2
0QTR0ZZ,1.0,1
0QU00JZ,1.0,2
0QU00KZ,1.0,1
0QU03JZ,1.125,9
0QU50JZ,1.0,1
0QU70JZ,1.0,1
0QUH0KZ,1.0,1
0QUM0KZ,1.0,2
0R9J0ZZ,1.0,5
0R9J30Z,1.0,1
0R9J3ZX,1.0,9
0R9J3ZZ,1.0,1
0R9K00Z,1.0,1
0R9K0ZZ,1.0,1
0R9K3ZX,1.0,9
0R9K3ZZ,1.0,3
0R9L00Z,1.0,1
0R9L3ZX,1.0,3
0R9M0ZZ,1.0,1
0R9M3ZX,1.0,5
0R9M3ZZ,1.0,1
0R9N0ZZ,1.0,1
0R9N3ZX,1.0,6
0R9N3ZZ,1.0,2
0R9P0ZZ,1.0,1
0R9P3ZX,1.2857142857142858,9
0R9V3ZX,1.0,1
0R9W3ZX,1.0,1
0R9X3ZX,1.0,1
0RB13ZX,1.0,1
0RB30ZZ,1.0,16
0RB50ZZ,1.0,3
0RB90ZZ,1.0,3
0RBB0ZZ,1.0,2
0RBE0ZZ,1.0,1
0RBJ0ZZ,1.0,2
0RBJ4ZZ,1.0,1
0RBK0ZZ,1.0,2
0RBL0ZZ,1.0,2
0RBN0ZZ,1.0,1
0RBR0ZZ,1.0,1
0RBV0ZZ,1.0,1
0RC10ZZ,1.0,1
0RCJ0ZZ,1.0,2
0RG007J,1.0,1
0RG1070,1.0,2
0RG1071,1.0,4
0RG10A0,1.0,3
0RG10J0,1.0,1
0RG10K0,1.0,4
0RG10Z0,1.0,2
0RG2071,1.0,19
0RG207J,1.0,1
0RG20A0,1.0,7
0RG20AJ,1.0,1
0RG20J1,1.0,1
0RG20K0,1.0,1
0RG20K1,1.0,4
0RG20KJ,1.0,1
0RG4071,1.0,9
0RG40A0,1.0,2
0RG40J1,1.0,1
0RG40K1,1.0,2
0RG40KJ,1.0,1
0RG6071,1.0,5
0RG607J,1.0,1
0RG60A0,1.0,3
0RG7070,1.0,1
0RG7071,1.0,12
0RG707J,1.0,1
0RG70Z1,1.0,1
0RG8071,1.0,1
0RG80J1,1.0,1
0RGA070,1.0,2
0RGA071,1.0,11
0RGA0A0,1.0,1
0RGA0J1,1.0,1
0RH104Z,1.0,1
0RH634Z,1.0,1
0RHA34Z,1.0,1
0RHJ08Z,1.0,1
0RHK08Z,1.0,1
0RHN08Z,1.0,1
0RJJXZZ,1.0,1
0RJL3ZZ,1.0,2
0RJN3ZZ,1.0,5
0RN60ZZ,1.0,1
0RP104Z,1.0,1
0RP604Z,1.0,2
0RPA04Z,1.0,2
0RPJ0JZ,1.0,3
0RPK04Z,1.0,1
0RPK0JZ,1.0,3
0RPL0JZ,1.0,1
0RRJ00Z,1.0,8
0RRJ0J6,1.0,2
0RRJ0JZ,1.0,1
0RRK00Z,1.0,10
0RRK0J6,1.0,1
0RRK0JZ,1.0,1
0RSJXZZ,1.0,5
0RSKXZZ,1.0,1
0RSMXZZ,1.0,1
0RT30ZZ,1.0,4
0RU607Z,1.0,1
0RWJXJZ,1.0,1
0S9230Z,1.0,1
0S9700Z,1.0,1
0S990ZX,1.0,1
0S990ZZ,1.0,1
0S993ZX,1.0666666666666667,16
0S993ZZ,1.0,4
0S9B00Z,1.0,1
0S9B0ZZ,1.0,1
0S9B3ZX,1.0,9
0S9C00Z,1.0,2
0S9C0ZZ,1.0,3
0S9C3ZX,1.0212765957446808,48
0S9C3ZZ,1.0,9
0S9C40Z,1.0,1
0S9D00Z,1.0,1
0S9D0ZX,1.0,1
0S9D0ZZ,1.0,2
0S9D3ZX,1.0,40
0S9D3ZZ,1.0909090909090908,12
0S9F00Z,1.0,1
0S9F0ZZ,1.0,1
0S9F3ZX,1.0,8
0S9F3ZZ,1.0,2
0S9G3ZX,1.0,3
0S9G3ZZ,1.0,2
0S9J3ZZ,1.0,1
0S9K3ZX,1.0,1
0S9Q0ZZ,2.0,2
0SB00ZZ,1.0,1
0SB20ZX,1.0,1
0SB20ZZ,1.1304347826086956,26
0SB23ZX,1.0,1
0SB40ZZ,1.0,5
0SB70ZX,1.0,1
0SB90ZX,1.0,1
0SB90ZZ,1.2857142857142858,9
0SBB0ZX,1.0,4
0SBB0ZZ,1.6,8
0SBC0ZX,1.0,1
0SBC0ZZ,1.0625,17
0SBC4ZZ,2.5,5
0SBD0ZX,1.0,1
0SBD0ZZ,1.2,12
0SBD4ZZ,3.0,3
0SBF0ZX,1.0,1
0SBF0ZZ,2.0,2
0SBM0ZZ,1.0,4
0SC90ZZ,1.0,2
0SCB0ZZ,1.0,1
0SCC0ZZ,1.0,1
0SCD0ZZ,1.0,2
0SCD4ZZ,1.0,1
0SG0070,1.0,2
0SG0071,1.0,12
0SG00A0,1.0,4
0SG00A1,1.0,1
0SG00AJ,1.0,2
0SG00K1,1.0,1
0SG00Z1,1.0,1
0SG1070,1.0,1
0SG1071,1.0,17
0SG107J,1.0,1
0SG10A0,1.0,7
0SG10AJ,1.0,1
0SG10J1,1.0,2
0SG3071,1.0,5
0SG30A0,1.0,2
0SG30A1,1.0,1
0SG30AJ,1.0,2
0SGD04Z,1.0,1
0SGF04Z,1.0,3
0SGF05Z,1.0,1
0SGF07Z,1.0,2
0SGF0ZZ,1.0,1
0SGH04Z,2.0,4
0SGH05Z,1.0,1
0SGH07Z,1.0,1
0SGH0ZZ,1.0,1
0SGJ04Z,2.0,4
0SGJ0ZZ,3.0,3
0SGM04Z,1.0,1
0SH004Z,1.0,1
0SH834Z,1.0,1
0SH908Z,1.0,5
0SHB08Z,1.25,5
0SHC08Z,1.3333333333333333,4
0SHD08Z,1.25,5
0SHF08Z,1.0,2
0SHF34Z,1.0,1
0SHF35Z,1.0,2
0SHG08Z,1.0,1
0SHG35Z,1.0,1
0SJ00ZZ,1.0,1
0SJB3ZZ,1.0,1
0SJC0ZZ,1.0,1
0SJC3ZZ,1.0,1
0SJD3ZZ,1.0,1
0SJF3ZZ,1.0,1
0SN00ZZ,1.0,1
0SNB0ZZ,1.0,1
0SNC0ZZ,1.0,1
0SNCXZZ,1.0,1
0SND4ZZ,1.0,1
0SNP0ZZ,2.0,2
0SP004Z,1.0,3
0SP304Z,1.0,1
0SP904Z,1.0,4
0SP908Z,1.0,3
0SP909Z,1.0,8
0SP90JZ,1.0,11
0SPB04Z,1.0,1
0SPB08Z,1.0,2
0SPB09Z,1.0,3
0SPB0EZ,1.0,1
0SPB0JZ,1.0909090909090908,12
0SPC08Z,1.0,2
0SPC09Z,1.0833333333333333,13
0SPC0JZ,1.0,5
0SPD04Z,1.0,1
0SPD08Z,1.5,3
0SPD09Z,1.0,8
0SPD0JZ,1.0,5
0SPF08Z,1.0,1
0SPFX5Z,1.0,1
0SPG04Z,1.0,1
0SPJ34Z,1.0,1
0SPR0JZ,1.0,9
0SPS0JZ,1.0,5
0SPW0JZ,1.0,3
0SQD0ZZ,1.0,1
0SR901Z,1.0,1
0SR902A,1.0,4
0SR902Z,1.0,2
0SR903A,1.0,1
0SR903Z,1.0,1
0SR904A,1.0,8
0SR904Z,1.0,3
0SR90J9,1.0,3
0SR90JA,1.0,5
0SR90JZ,1.25,5
0SRB01A,1.0,1
0SRB029,1.0,1
0SRB02Z,1.0,1
0SRB04A,1.0,6
0SRB04Z,1.0,1
0SRB0EZ,2.0,2
0SRB0J9,1.0,5
0SRB0JA,1.0,3
0SRB0JZ,1.0,8
0SRC0J9,1.0,38
0SRC0JA,1.0,2
0SRC0LA,1.0,1
0SRD0J9,1.0,32
0SRD0JA,1.0,1
0SRR019,1.0,3
0SRR03A,1.0,2
0SRR03Z,1.0,1
0SRR0J9,1.0,12
0SRR0JA,1.0,9
0SRR0JZ,1.0,9
0SRS01A,1.0,2
0SRS039,1.0,1
0SRS0J9,1.0,17
0SRS0JA,1.0,12
0SRS0JZ,1.0,13
0SRW0J9,1.0,2
0SRW0JZ,1.0,1
0SS90ZZ,1.0,1
0SS9XZZ,1.0,3
0SSB04Z,1.0,3
0SSB34Z,1.0,1
0SSBXZZ,1.0,1
0SSD4ZZ,1.0,1
0SSF04Z,1.0,3
0SSF34Z,1.0,1
0SSG04Z,1.0,2
0SSGXZZ,1.0,1
0ST20ZZ,1.0,2
0SU909Z,1.0,2
0SUA09Z,1.0,5
0SUB09Z,1.0,1
0SUC09C,1.0,1
0SUC09Z,1.0,2
0SUD09Z,1.0,1
0SUE09Z,1.0,2
0SUR09Z,1.0,1
0SUS09Z,1.0,1
0SUV09Z,1.125,9
0SUW09Z,1.0,8
0SW90JZ,1.0,1
0SW9XJZ,1.0,3
0SWA0JZ,1.0,1
0SWBXJZ,1.0,4
0T133JD,1.0,1
0T160ZB,1.0,1
0T1747C,1.0,1
0T1847C,1.0,3
0T184ZC,1.0,2
0T25X0Z,1.325,53
0T25XYZ,1.0,1
0T2BX0Z,1.0555555555555556,19
0T548ZZ,1.0,1
0T5B8ZZ,1.0,6
0T5D8ZZ,1.0,1
0T733DZ,1.0,1
0T738DZ,1.0,1
0T743DZ,1.0,1
0T760DZ,1.0,2
0T763DZ,1.0,3
0T767DZ,1.0,2
0T768DZ,1.0,16
0T770DZ,1.0,1
0T773DZ,1.0,2
0T777DZ,1.0,1
0T777ZZ,1.0,1
0T778DZ,1.0,15
0T778ZZ,1.0,1
0T788DZ,1.0,3
0T7C8ZZ,1.0,3
0T7D7DZ,1.0,1
0T7D7ZZ,1.0,7
0T7D8DZ,1.0,2
0T7D8ZZ,1.0,4
0T9030Z,1.0,24
0T903ZZ,1.0,2
0T910ZZ,1.0,1
0T9130Z,1.0,20
0T9330Z,1.0,14
0T9430Z,1.0666666666666667,16
0T9680Z,1.0,1
0T9B00Z,1.0,1
0T9B30Z,1.0,7
0T9B70Z,1.0,9
0T9B80Z,1.25,10
0T9B8ZX,1.0,1
0T9B8ZZ,1.0,2
0TB00ZZ,1.0,2
0TB03ZX,1.0,11
0TB03ZZ,1.0,1
0TB04ZZ,1.0,1
0TB10ZX,1.0,1
0TB10ZZ,1.0,1
0TB13ZX,1.0,19
0TB43ZX,1.0,1
0TB48ZX,1.0,1
0TB60ZZ,1.0,2
0TB63ZX,1.0,1
0TB64ZZ,1.0,3
0TB70ZZ,1.0,3
0TB74ZZ,1.0,2
0TBB0ZZ,1.0,1
0TBB4ZZ,1.0,1
0TBB8ZX,1.0,2
0TBB8ZZ,1.0,7
0TBC8ZX,1.0,1
0TBC8ZZ,1.0,1
0TBD0ZX,1.0,1
0TBD8ZZ,1.0,1
0TC03ZZ,1.0,1
0TC08ZZ,1.0,1
0TC13ZZ,1.0,1
0TC33ZZ,1.0,2
0TC34ZZ,1.0,1
0TC38ZZ,1.0,1
0TC60ZZ,1.0,1
0TC74ZZ,1.0,1
0TC78ZZ,1.0,6
0TCB3ZZ,1.0,1
0TCB7ZZ,1.0,1
0TCB8ZZ,1.0833333333333333,13
0TCD8ZZ,1.0,1
0TF38ZZ,1.0,1
0TJ53ZZ,1.0,1
0TJ98ZZ,1.0,2
0TJB8ZZ,1.0588235294117647,18
0TN60ZZ,1.0,2
0TN70ZZ,1.0,1
0TP530Z,1.0,1
0TP5X0Z,1.1666666666666667,7
0TP90DZ,1.0,1
0TP93DZ,1.0,3
0TP97DZ,1.0,1
0TP98DZ,1.0833333333333333,13
0TPB8DZ,1.0,1
0TPBX0Z,1.0,1
0TPD70Z,1.0,1
0TQB0ZZ,1.0,3
0TQD0ZZ,1.0,1
0TSD0ZZ,1.0,1
0TSD4ZZ,1.0,1
0TT00ZZ,1.0,2
0TT04ZZ,1.0,3
0TT10ZZ,1.0,2
0TT14ZZ,1.0,4
0TT20ZZ,1.0,2
0TT60ZZ,1.0,1
0TT64ZZ,1.0,1
0TT74ZZ,1.0,1
0TTB0ZZ,1.0,1
0TTB4ZZ,1.0,6
0TY00Z0,1.0,14
0TY10Z0,1.0,7
0U5C7ZZ,1.0,1
0U9030Z,1.0,2
0U9130Z,1.0,2
0U914ZZ,1.0,1
0U9230Z,1.0,1
0U9530Z,1.0,1
0U9630Z,1.0,1
0U9730Z,1.0,1
0U973ZZ,1.0,1
0U998ZZ,1.0,1
0UB10ZZ,1.0,2
0UB13ZX,1.0,1
0UB40ZX,1.0,1
0UB44ZZ,1.0,1
0UB54ZZ,1.0,1
0UB74ZZ,1.0,1
0UB90ZZ,1.0,1
0UB98ZZ,1.0,2
0UBC7ZX,1.0,3
0UBC7ZZ,1.0,1
0UBF0ZX,1.0,1
0UBF0ZZ,1.0,1
0UBG4ZZ,1.0,1
0UBGXZX,1.0,1
0UBMXZX,1.0,1
0UBMXZZ,1.0,2
0UCF7ZZ,1.0,1
0UCG7ZZ,1.0,1
0UDB7ZX,1.0,6
0UDB8ZX,1.0,1
0UDB8ZZ,1.0,1
0UJD7ZZ,1.0,1
0UJH8ZZ,1.0,1
0UN14ZZ,1.0,1
0UN64ZZ,1.0,1
0UPD7HZ,1.0,1
0UPH4YZ,1.0,1
0UPH7YZ,1.0,1
0UQG4ZZ,1.0,1
0UQG7ZZ,1.0,2
0UQGXZZ,1.0,1
0UT04ZZ,1.0,1
0UT10ZZ,1.0,1
0UT20ZZ,1.0,7
0UT24ZZ,1.0,9
0UT28ZZ,1.0,1
0UT2FZZ,1.0,3
0UT60ZZ,1.0,1
0UT70ZZ,1.0,7
0UT74ZZ,1.0,9
0UT78ZZ,1.0,1
0UT7FZZ,1.0,3
0UT90ZZ,1.0,7
0UT94ZZ,1.0,9
0UT9FZZ,1.0,2
0UTC0ZZ,1.0,4
0UTC4ZZ,1.0,3
0UTC7ZZ,1.0,1
0UUF4JZ,1.0,1
0V903ZX,1.0,1
0V9500Z,1.0,1
0V950ZZ,1.0,3
0V953ZZ,1.0,1
0V95XZZ,1.0,1
0VB03ZX,1.0,2
0VB08ZZ,1.0,3
0VB30ZZ,1.0,1
0VB50ZZ,2.0,2
0VB60ZZ,1.0,1
0VB70ZZ,1.0,1
0VBL0ZZ,1.0,1
0VNTXZZ,1.0,1
0VPS0JZ,1.0,1
0VT04ZZ,1.0,9
0VT08ZZ,1.0,1
0VT34ZZ,1.0,4
0VTB0ZZ,1.0,1
0VTS0ZZ,1.0,1
0W29X0Z,1.0,1
0W2DX0Z,1.0,1
0W2GX0Z,1.2,6
0W2JX0Z,1.0,4
0W310ZZ,1.0,1
0W33XZZ,1.0,3
0W360ZZ,1.0,4
0W363ZZ,1.0,1
0W380ZZ,1.0,8
0W390ZZ,1.0,1
0W394ZZ,1.0,1
0W3B0ZZ,1.0,1
0W3C0ZZ,1.0588235294117647,18
0W3D0ZZ,1.0,1
0W3F0ZZ,1.0,1
0W3G0ZZ,1.0,2
0W3G4ZZ,1.0,1
0W3H0ZZ,1.0,2
0W3J0ZZ,1.0,2
0W3K0ZZ,1.0,1
0W3P0ZZ,1.0,4
0W3P3ZZ,1.5,3
0W3P4ZZ,1.0,1
0W3P7ZZ,1.0,2
0W3P8ZZ,1.088235294117647,185
0W3Q0ZZ,1.0,1
0W3Q7ZZ,1.0,2
0W3Q8ZZ,1.0,5
0W3R0ZZ,1.0,1
0W3R7ZZ,1.0,2
0W3R8ZZ,1.2,6
0W920ZZ,1.0,1
0W930ZZ,1.0,1
0W9500Z,1.0,4
0W9600Z,1.0,1
0W9630Z,1.0,1
0W963ZZ,1.0,2
0W980ZX,1.0,3
0W980ZZ,1.0,2
0W983ZX,1.0,2
0W9900Z,1.0909090909090908,12
0W990ZZ,1.0,5
0W9930Z,1.1174603174603175,352
0W993ZX,1.0,68
0W993ZZ,1.06,159
0W9940Z,1.0,11
0W994ZX,1.0,1
0W994ZZ,1.0,1
0W9B00Z,1.0,12
0W9B0ZX,1.0,1
0W9B0ZZ,1.0,4
0W9B30Z,1.094170403587444,244
0W9B3ZX,1.0508474576271187,62
0W9B3ZZ,1.0229885057471264,89
0W9B40Z,1.0,11
0W9B4ZX,1.0,1
0W9B4ZZ,1.0,1
0W9C00Z,1.0,2
0W9C0ZZ,1.0,3
0W9C30Z,1.0,1
0W9C3ZX,1.0,1
0W9C3ZZ,1.0,2
0W9D00Z,1.0,10
0W9D0ZZ,1.0909090909090908,12
0W9D30Z,1.0,94
0W9D3ZX,1.0,2
0W9D3ZZ,1.0769230769230769,14
0W9D40Z,1.0,4
0W9D4ZZ,1.0,1
0W9F0ZZ,1.0,2
0W9F30Z,1.1111111111111112,10
0W9F3ZX,2.0,4
0W9F3ZZ,1.0,4
0W9G00Z,1.25,10
0W9G0ZX,1.0,2
0W9G0ZZ,1.3333333333333333,12
0W9G30Z,1.206896551724138,70
0W9G3ZX,1.3802083333333333,265
0W9G3ZZ,1.663677130044843,371
0W9G40Z,1.0,1
0W9H0ZZ,1.0,2
0W9H30Z,1.2,6
0W9H3ZX,1.0,1
0W9H3ZZ,1.0,3
0W9J0ZX,1.0,1
0W9J0ZZ,1.0,3
0W9J30Z,1.1333333333333333,17
0W9J3ZX,1.0,3
0W9J3ZZ,1.0,1
0W9K3ZZ,1.0,1
0WB30ZZ,1.0,1
0WB80ZZ,1.0,1
0WBC3ZX,1.0,1
0WBC4ZX,1.0,1
0WBF0ZX,1.0,1
0WBF0ZZ,1.0,5
0WBF3ZX,1.0,1
0WBH0ZZ,1.0,3
0WBH3ZX,1.0,3
0WBM0ZZ,1.0,1
0WBN0ZX,1.0,1
0WC90ZZ,1.0,1
0WC94ZZ,1.0,5
0WCB0ZZ,1.0,4
0WCB4ZZ,1.0,3
0WCC0ZZ,1.105263157894737,21
0WCC4ZZ,1.0,1
0WCD0ZZ,1.0,1
0WCG0ZZ,1.0,2
0WCG4ZZ,1.0,2
0WCGXZZ,1.0,1
0WCJ0ZZ,1.0,1
0WCJ3ZZ,1.0,1
0WCQ8ZZ,1.0,8
0WHG33Z,1.0,1
0WHG43Z,1.0,7
0WJ80ZZ,1.0,2
0WJ93ZZ,1.0,1
0WJC0ZZ,1.1111111111111112,10
0WJC4ZZ,1.0,1
0WJD3ZZ,1.0,1
0WJD4ZZ,1.0,3
0WJF0ZZ,1.0,1
0WJF3ZZ,1.0,1
0WJG0ZZ,1.3571428571428572,19
0WJG3ZZ,1.0,6
0WJG4ZZ,1.0,14
0WJH0ZZ,1.0,2
0WJH3ZZ,1.0,1
0WJJ0ZZ,1.0,1
0WJJ3ZZ,1.0,1
0WJJ4ZZ,1.0,1
0WJP0ZZ,1.1578947368421053,22
0WJP4ZZ,1.0,4
0WJP7ZZ,1.0,1
0WJP8ZZ,1.0,1
0WP803Z,1.0,3
0WP80YZ,1.0,1
0WP833Z,1.0,1
0WP9X0Z,1.0,1
0WPB33Z,1.5,3
0WPDX0Z,1.0,1
0WPF0JZ,1.0,8
0WPG03Z,1.0,14
0WPG0JZ,1.0,1
0WPG30Z,1.0,3
0WPG33Z,1.0,1
0WPG3JZ,1.0,1
0WPJX0Z,1.0,1
0WQ0XZZ,1.0,3
0WQ60ZZ,1.0,2
0WQ6XZ2,1.0,2
0WQ80ZZ,1.0,4
0WQ8XZZ,1.0,1
0WQC0ZZ,1.0,3
0WQF0ZZ,1.0,44
0WQF4ZZ,1.0,7
0WQFXZ2,1.0,2
0WQFXZZ,1.0,7
0WQNXZZ,1.0,1
0WU807Z,1.0,3
0WUC07Z,1.0,2
0WUC0JZ,1.0,1
0WUF07Z,1.0,3
0WUF0JZ,1.0512820512820513,41
0WUF0KZ,1.0,2
0WUF4JZ,1.0,4
0WWF0JZ,1.0,1
0WWG30Z,1.0,1
0X340ZZ,1.0,1
0X370ZZ,1.0,1
0X373ZZ,1.0,1
0X383ZZ,1.0,2
0X390ZZ,1.0,1
0X393ZZ,1.0,1
0X6F0Z2,1.0,2
0X6K0ZB,2.0,2
0X6R0Z1,1.0,1
0X9430Z,1.0,1
0X983ZX,1.0,1
0X990ZZ,1.0,1
0X993ZX,1.0,1
0X9C3ZX,1.0,1
0X9K3ZZ,1.0,2
0XH933Z,1.0,1
0Y350ZZ,1.0,2
0Y353ZZ,1.0,1
0Y360ZZ,1.0,1
0Y370ZZ,1.0,6
0Y380ZZ,1.0,2
0Y383ZZ,1.0,1
0Y390ZZ,1.0,1
0Y3B0ZZ,1.0,1
0Y3C0ZZ,1.0,1
0Y3C3ZZ,1.0,1
0Y3D0ZZ,1.0,2
0Y3J0ZZ,1.0,1
0Y3N0ZZ,1.0,1
0Y670ZZ,2.0,2
0Y6C0Z1,1.1428571428571428,8
0Y6C0Z2,1.0,2
0Y6C0Z3,1.0,7
0Y6D0Z1,1.0,1
0Y6D0Z2,1.0,3
0Y6D0Z3,1.0,7
0Y6F0ZZ,1.3333333333333333,4
0Y6G0ZZ,1.2857142857142858,9
0Y6H0Z1,1.0,10
0Y6H0Z2,1.0,15
0Y6H0Z3,1.0625,17
0Y6J0Z1,1.0,10
0Y6J0Z2,1.0,18
0Y6J0Z3,1.3333333333333333,8
0Y6M0Z0,1.0,4
0Y6M0Z4,1.0,1
0Y6M0Z5,1.0,1
0Y6M0Z6,1.0,1
0Y6M0Z7,1.0,1
0Y6M0Z8,1.0,1
0Y6M0Z9,1.0714285714285714,15
0Y6M0ZB,1.0,6
0Y6M0ZC,1.0,7
0Y6M0ZD,1.0,7
0Y6M0ZF,1.0,12
0Y6N0Z0,1.0,2
0Y6N0Z5,1.0,1
0Y6N0Z8,1.0,1
0Y6N0Z9,1.0434782608695652,24
0Y6N0ZB,1.0625,17
0Y6N0ZC,1.0588235294117647,18
0Y6N0ZD,1.0588235294117647,18
0Y6N0ZF,1.0588235294117647,18
0Y6P0Z0,1.0,11
0Y6P0Z1,1.0,9
0Y6P0Z3,1.0,4
0Y6Q0Z0,1.0,12
0Y6Q0Z1,1.0,6
0Y6Q0Z2,1.0,2
0Y6Q0Z3,1.0,3
0Y6R0Z0,1.0,5
0Y6R0Z1,1.0,3
0Y6R0Z3,1.0,3
0Y6S0Z0,1.0,8
0Y6S0Z1,1.0,8
0Y6S0Z2,1.0,1
0Y6S0Z3,1.0,1
0Y6T0Z0,1.0,7
0Y6T0Z1,1.0,6
0Y6T0Z2,1.0,1
0Y6T0Z3,1.0,5
0Y6U0Z0,1.1428571428571428,8
0Y6U0Z1,1.0,8
0Y6U0Z2,1.0,3
0Y6U0Z3,1.0,1
0Y6V0Z0,1.0,6
0Y6V0Z1,1.0,1
0Y6W0Z0,1.0,4
0Y6W0Z1,1.0,1
0Y6W0Z2,1.0,1
0Y6W0Z3,1.0,1
0Y6X0Z0,1.0,10
0Y6X0Z1,1.0,2
0Y6Y0Z0,1.0,9
0Y6Y0Z1,1.0,1
0Y6Y0Z3,1.0,1
0Y953ZX,1.0,2
0Y953ZZ,1.0,1
0Y9600Z,1.0,2
0Y960ZZ,1.0,1
0Y963ZX,1.0,1
0Y980ZZ,1.0,1
0Y9830Z,1.0,1
0Y993ZZ,1.0,1
0Y9C3ZX,1.0,2
0Y9H0ZZ,1.0,1
0Y9H3ZZ,1.0,1
0Y9J3ZZ,1.0,1
0Y9M0ZX,1.0,1
0Y9M0ZZ,2.0,2
0Y9M3ZZ,1.0,1
0Y9N0ZZ,1.0,3
0Y9N3ZX,1.0,1
0YB50ZZ,1.0,2
0YB70ZZ,1.0,1
0YBK0ZZ,1.0,1
0YHJ0YZ,1.0,1
0YJ50ZZ,1.0,1
0YJ63ZZ,1.0,1
0YJ8XZZ,1.0,3
0YJC3ZZ,1.0,1
0YJH4ZZ,1.0,1
0YJLXZZ,1.0,1
0YJM0ZZ,1.0,1
0YJN0ZZ,1.0,1
0YJNXZZ,1.0,1
0YPB3YZ,1.0,1
0YQ50ZZ,1.0,1
0YQ60ZZ,1.0,1
0YQ74ZZ,1.0,1
0YQ90ZZ,1.0,1
0YQDXZZ,1.0,1
0YQN0ZZ,1.0,1
0YQVXZZ,1.0,1
0YU50JZ,1.25,5
0YU60JZ,1.0,4
0YU64JZ,1.0,2
0YU70JZ,1.0,2
0YU80JZ,1.0,2
0YUA0JZ,1.0,1
0YUA4JZ,1.0,1
0YUD0JZ,1.0,1
10D00Z1,1.0,2
2W03X6Z,2.0,4
2W04X6Z,1.0,1
2W07X6Z,1.0,1
2W09X4Z,1.0,1
2W09X6Z,1.0,2
2W13X6Z,1.0,2
2W14X6Z,1.0,1
2W1DX6Z,1.0,1
2W1LX6Z,1.0,1
2W1RX7Z,1.0,1
2W2LX4Z,1.0,1
2W30XYZ,1.0,5
2W39X1Z,1.0,1
2W3AX1Z,1.0,1
2W3AX3Z,1.0,1
2W3BX1Z,1.0,1
2W3DX1Z,1.0,2
2W3LX1Z,1.0,1
2W3QX2Z,1.0,2
2W3RX1Z,1.0,2
2W3SX1Z,1.0,1
2W41X5Z,1.0,1
2W50X0Z,1.0,1
2W53X5Z,1.0,1
2W54XYZ,1.0,1
2W5AX1Z,1.0,1
2W5LXYZ,1.0,1
2W60X0Z,1.0,1
2W62XZZ,1.0,1
2W6NXZZ,1.0,1
2W6QX0Z,1.0,1
2Y01X5Z,1.0,2
2Y40X5Z,1.0,2
2Y41X5Z,1.0277777777777777,37
2Y51X5Z,1.0,1
30233K0,1.0,1
30233K1,1.0,1
30233L1,1.0,1
30233N0,1.0,1
30233N1,1.0,19
30233R1,1.0,1
30233S1,1.0188679245283019,54
30233Y0,1.0,2
30233Y3,1.0,1
30243H1,1.0,1
30243N1,1.0,2
30243P1,1.0,1
30243R1,1.0,1
30243S0,1.0,1
30243S1,1.0,18
30243Y0,1.0,1
30243Y3,1.0,8
30280B1,1.0,2
30283B1,1.0070422535211268,143
3C1ZX8Z,1.0,4
3E00X3Z,1.0,1
3E00XGC,1.0,1
3E0102A,1.0,2
3E01305,1.0,7
3E013GC,1.0,1
3E0234Z,1.0,1
3E023BZ,1.0,1
3E03305,1.0,57
3E0330M,1.0,1
3E03317,1.0,56
3E03328,1.0,4
3E03329,1.0,1
3E0334Z,1.0,4
3E0336Z,1.0,36
3E033GC,1.0,2
3E033PZ,1.0,23
3E033RZ,1.0,3
3E033TZ,1.0,1
3E033VH,1.0,4
3E033WK,1.0,2
3E033WL,1.0,1
3E033XZ,1.0,36
3E04302,1.0,2
3E04305,1.0337837837837838,153
3E0430M,1.0,2
3E04317,1.032258064516129,32
3E04328,1.0,1
3E04329,1.0,3
3E0436Z,1.0,148
3E043GC,1.0,2
3E043KZ,1.0,2
3E043PZ,1.0,3
3E043WL,1.0,1
3E043XZ,1.0,11
3E05305,1.0,5
3E05317,1.131578947368421,43
3E0536Z,1.0,1
3E053GC,1.1071428571428572,31
3E053PZ,1.0,1
3E06317,1.0,8
3E07317,1.0,1
3E073GC,1.0,1
3E073KZ,1.0,2
3E073PZ,1.0,2
3E080GC,1.0,1
3E08317,1.0,1
3E083GC,1.0,1
3E083KZ,1.0,1
3E09XGC,1.0,1
3E0A3GC,1.0,2
3E0C33Z,1.0,1
3E0C3TZ,1.0,1
3E0D705,1.0,1
3E0D73Z,1.0,1
3E0D7HZ,1.0,1
3E0DX05,1.0,1
3E0F7GC,1.0,3
3E0F7SD,1.0,5
3E0F83Z,1.0,1
3E0F8GC,1.0,2
3E0G36Z,1.0,7
3E0G3TZ,1.0,1
3E0G705,1.0,1
3E0G76Z,1.0061208875286916,1315
3E0G8BZ,1.0,1
3E0G8GC,1.0566037735849056,56
3E0G8TZ,1.0,1
3E0H36Z,1.0,1
3E0H3GC,1.0,1
3E0H76Z,1.011764705882353,86
3E0H83Z,1.0,1
3E0H8GC,1.0,9
3E0H8SF,1.0,1
3E0H8TZ,1.0,1
3E0J3GC,1.0,1
3E0K8GC,1.0,1
3E0L3GC,1.146341463414634,47
3E0L4GC,1.0,8
3E0M05Z,1.0,2
3E0R305,1.25,15
3E0R33Z,1.0,1
3E0R3BZ,1.0,3
3E0R3CZ,1.0,3
3E0R3GC,1.0,1
3E0R3NZ,1.0,1
3E0S3CZ,1.0,1
3E0T3BZ,1.0,12
3E0T3CZ,1.0,9
3E0T3GC,1.0,3
3E0T3TZ,1.0,3
3E0U029,1.0,1
3E0U0GB,1.0,3
3E0U33Z,1.0,28
3E0U3BZ,1.0,18
3E0U3GC,1.0,1
3E0V0GB,1.0,1
3E0W305,1.0,1
3E1038Z,1.0,1
3E10X8Z,1.0,3
3E1F88X,1.0,1
3E1F88Z,1.0,10
3E1G88Z,1.0,2
3E1H38Z,1.0,1
3E1H88Z,1.0,2
3E1K78Z,1.0,2
3E1K88Z,1.0,1
3E1L38Z,1.0,1
3E1M38X,1.0,2
3E1M38Z,1.0,7
3E1M39Z,1.0194174757281553,105
3E1U38Z,1.0,9
3E1Y38Z,1.0,1
4A0234Z,1.0,55
4A0239Z,1.0,4
4A023FZ,1.0,77
4A023N6,1.0272614622057001,829
4A023N7,1.0104712041884816,579
4A023N8,1.0032051282051282,313
4A02X4Z,1.25,5
4A02XFZ,1.125,9
4A02XM4,1.0,1
4A03353,1.0,3
4A0335C,1.0833333333333333,39
4A033B1,1.0,1
4A033BC,1.0307692307692307,67
4A043B0,1.0,1
4A043B2,1.0,5
4A0B78Z,1.0,1
4A0B7BZ,1.0,2
4A0C3BZ,1.0,1
4A0D7BZ,1.0,1
4A1004G,1.0,1
4A103BD,1.0,1
4A10X4G,1.0,1
4A11X4G,1.0,5
4A1234Z,1.0,2
4A1239Z,1.016304347826087,187
4A12X45,1.0,1
4A12X4Z,1.0,1
4A12XSH,1.0,1
4A133B1,1.0,7
4A133B3,1.0467289719626167,224
4A133J1,1.0,5
4A1BXSH,1.0,1
4B02XSZ,1.0638297872340425,50
4B02XTZ,1.0175438596491229,58
4B09XSZ,1.0,1
5A02110,1.25,5
5A02115,1.0,1
5A02210,1.0416666666666667,200
5A02216,1.1724137931034482,34
5A0221D,1.0522388059701493,141
5A09357,1.0169491525423728,60
5A0935Z,1.0,1
5A09457,1.0357142857142858,29
5A09458,1.0,1
5A0945Z,1.0,3
5A09557,1.0,11
5A09558,1.0,1
5A12012,1.0638297872340425,250
5A1213Z,1.0666666666666667,16
5A1221Z,1.006472491909385,933
5A1223Z,1.0246913580246915,166
5A15223,1.1333333333333333,34
5A1522F,1.0,3
5A1522G,1.0,15
5A1522H,1.0,3
5A1935Z,1.0091324200913243,442
5A1945Z,1.0515350877192982,959
5A1955Z,1.0831062670299727,795
5A1D00Z,1.0,181
5A1D60Z,1.0053050397877985,758
5A1D70Z,1.0936293436293436,1133
5A1D80Z,3.0,6
5A1D90Z,1.208695652173913,278
5A2204Z,1.08199121522694,739
6A4Z0ZZ,1.0,3
6A4Z1ZZ,1.0,4
6A550Z2,1.0,1
6A550Z3,1.0,3
6A551Z1,1.0,1
6A551Z2,1.0,2
6A551Z3,1.0476190476190477,22
6A651ZZ,1.0,2
6A750Z7,1.0,2
6ABF0BZ,1.0,2
6ABT0BZ,1.0,3
8C01X6J,1.0,1
8E09XBZ,1.0,3
8E0W0CZ,1.0,3
8E0W4CZ,1.0,32
8E0W8CZ,1.0,1
8E0WXBG,1.0,1
8E0WXCZ,1.0,1
8E0YXY8,1.0,1
8E0ZXY4,1.0,1
B01B1ZZ,1.0,1
B200YZZ,1.0,3
B2010ZZ,1.0,2
B2011ZZ,1.0,9
B201YZZ,1.0,3
B2031ZZ,1.0,1
B204YZZ,1.0,1
B2050ZZ,1.0,1
B206YZZ,1.0,1
B2081ZZ,1.0,1
B208YZZ,1.0,2
B2101ZZ,1.0,13
B210YZZ,1.0256410256410255,40
B2110ZZ,1.0,6
B2111ZZ,1.0216216216216216,378
B211YZZ,1.0260047281323876,1736
B2121ZZ,1.0,14
B212YZZ,1.0,54
B2130ZZ,1.0,1
B2131ZZ,1.024390243902439,42
B213YZZ,1.0,146
B2141ZZ,1.0,12
B214YZZ,1.0388349514563107,107
B2151ZZ,1.0,15
B215YZZ,1.0,64
B2161ZZ,1.0,4
B216YZZ,1.0,22
B217YZZ,1.0,9
B2180ZZ,1.0,1
B2181ZZ,1.054054054054054,39
B218YZZ,1.0,177
B21FYZZ,1.0,5
B221YZZ,1.0,1
B221Z2Z,1.25,5
B226Z2Z,1.0,1
B240ZZ3,1.0,26
B241ZZ3,1.0,22
B244YZZ,1.0,6
B244ZZZ,1.0909090909090908,24
B245YZZ,1.0,4
B245ZZ3,1.0,2
B245ZZ4,1.0,1
B245ZZZ,1.0,4
B246YZZ,1.0,4
B246ZZ3,1.0,1
B246ZZ4,1.0,20
B246ZZZ,1.0,4
B24BYZZ,1.0,1
B24BZZ4,1.0,66
B24BZZZ,1.0,2
B24CZZ4,1.0,9
B24CZZZ,1.0,1
B300YZZ,1.0,2
B300ZZZ,1.0,1
B308ZZZ,1.0,1
B3101ZZ,1.0,10
B310YZZ,1.0,72
B3111ZZ,1.0,1
B311YZZ,1.0,2
B3121ZZ,1.5,3
B312YZZ,1.0,4
B3131ZZ,1.0,1
B313YZZ,1.0,3
B3141ZZ,1.0,1
B314YZZ,1.0,7
B3151ZZ,1.0,4
B315YZZ,1.0,4
B3161ZZ,1.0,1
B316YZZ,1.0,4
B3171ZZ,1.0,2
B317YZZ,1.0,2
B3181ZZ,1.0,1
B318YZZ,1.1666666666666667,7
B31C1ZZ,1.0,1
B31D1ZZ,1.0,1
B31DYZZ,1.0,2
B31F1ZZ,1.0,2
B31FYZZ,1.25,5
B31GYZZ,1.0,2
B31HYZZ,1.0,3
B31KYZZ,1.0,1
B31LYZZ,1.0,1
B31N1ZZ,1.0,2
B31NYZZ,1.0,2
B31PYZZ,1.0,3
B31R1ZZ,1.0,1
B31RYZZ,1.0,8
B31RZZZ,1.0,1
B31S1ZZ,1.0,1
B31SYZZ,1.1666666666666667,7
B31TYZZ,1.0,3
B32R1ZZ,1.0,1
B400YZZ,1.0,1
B407YZZ,1.0,1
B40DYZZ,1.0,1
B40F1ZZ,1.0,3
B40G1ZZ,1.0,1
B40GYZZ,1.0,2
B40J1ZZ,1.0,1
B4101ZZ,1.1428571428571428,8
B410YZZ,1.0,81
B410ZZZ,1.0,6
B412YZZ,1.1666666666666667,7
B412ZZZ,1.0,1
B413YZZ,1.0,1
B4141ZZ,1.3333333333333333,4
B414YZZ,1.0526315789473684,20
B414ZZZ,1.0,1
B4151ZZ,1.0,2
B415YZZ,1.0,5
B4161ZZ,1.0,1
B416YZZ,1.0,4
B416ZZZ,1.0,1
B417YZZ,1.0,3
B418YZZ,1.0,5
B418ZZZ,1.0,1
B419YZZ,1.0,2
B419ZZZ,1.0,1
B41B1ZZ,1.0,2
B41BYZZ,1.0,12
B41CYZZ,1.0,8
B41D1ZZ,1.0,9
B41DYZZ,1.0185185185185186,55
B41DZZZ,1.0,3
B41F1ZZ,1.1428571428571428,8
B41FYZZ,1.0909090909090908,96
B41FZZZ,1.1428571428571428,8
B41G1ZZ,1.1111111111111112,10
B41GYZZ,1.027027027027027,76
B41GZZZ,1.0,6
B41JYZZ,1.25,5
B41JZZZ,1.0,1
B44FZZZ,1.0,1
B44GZZ3,1.0,1
B44HZZZ,1.0,1
B44LZZZ,1.0,1
B5130ZA,1.0,2
B513YZA,1.0,3
B513ZZA,2.0,2
B514YZA,1.0,3
B515YZA,1.0,1
B5161ZZ,1.0,1
B516YZA,1.0,1
B517YZZ,1.0,3
B517ZZA,1.0,1
B517ZZZ,1.0,1
B5181ZA,1.0,3
B5181ZZ,1.0,1
B518YZA,1.0952380952380953,23
B518YZZ,1.0,3
B518ZZA,1.0,5
B518ZZZ,1.0,1
B5191ZZ,1.0,1
B519YZA,1.0,1
B519YZZ,1.0,2
B519ZZA,1.0,1
B51M1ZZ,1.0,1
B51MYZA,1.0,2
B51MYZZ,1.0,3
B51NYZA,1.0,2
B51NYZZ,1.0,2
B51NZZA,1.0,1
B51PYZA,1.0,1
B51PYZZ,1.0,1
B51T1ZZ,1.0,1
B51TYZZ,1.0,3
B51VZZZ,1.0,1
B51W0ZZ,1.0,1
B51W1ZZ,1.0,6
B51WYZZ,1.0,36
B543ZZ3,1.0,1
B543ZZA,1.0714285714285714,15
B544ZZ3,1.0,1
B544ZZA,1.0,9
B546ZZA,1.0,5
B547ZZA,1.0,5
B548ZZ3,1.0,3
B548ZZA,1.0702702702702702,198
B548ZZZ,1.0,1
B54BZZA,1.0,3
B54CZZA,1.0,4
B54MZZA,1.0,3
B54NZZA,1.0,2
B54PZZZ,1.0,1
B7011ZZ,1.0,1
B7071ZZ,1.0,1
B70C1ZZ,1.0,1
BB4CZZZ,1.0,1
BD24ZZZ,1.0,2
BD41ZZZ,1.0,3
BD42ZZZ,1.0,2
BD47ZZZ,1.0,4
BD49ZZZ,1.0,1
BF0C1ZZ,1.0,1
BF101ZZ,1.1,11
BF10YZZ,1.0819672131147542,66
BF11YZZ,1.0,12
BF12YZZ,1.0,4
BF130ZZ,1.0,2
BF131ZZ,1.0,1
BF13YZZ,1.5454545454545454,17
BF45ZZZ,1.0,1
BF47ZZZ,1.0,1
BT111ZZ,1.0,2
BT11YZZ,1.125,9
BT12YZZ,1.2,6
BT12ZZZ,1.0,1
BT13YZZ,1.0,4
BT141ZZ,1.0,1
BT17YZZ,1.0,1
BT1DYZZ,1.0,5
BT1DZZZ,1.0,2
BT1F1ZZ,1.0,2
BT1FYZZ,1.0,3
BT1FZZZ,1.0,2
BT41ZZZ,1.0,1
BT43ZZZ,1.0,1
BW11YZZ,1.0,1
D0001ZZ,2.4,12
D0061ZZ,1.0,3
D020DZZ,1.0,1
D7021ZZ,1.0,3
D9001ZZ,1.0,1
DB021ZZ,1.625,13
DB061ZZ,1.0,1
DB071ZZ,1.0,1
DB22DZZ,1.25,5
DBY27ZZ,1.0,1
DD001ZZ,1.0,1
DD011ZZ,3.0,3
DH0B1ZZ,1.0,1
DM001ZZ,1.0,1
DM011ZZ,1.0,1
DP001ZZ,3.0,3
DP051ZZ,1.0,3
DP061ZZ,1.0,1
DP081ZZ,2.0,6
DP090ZZ,1.0,1
DP091ZZ,1.0,1
DP0C1ZZ,1.3333333333333333,16
DT021ZZ,1.0,2
DU021ZZ,1.0,1
DV001ZZ,1.0,1
DV20JZZ,1.0,1
DW011ZZ,1.0,4
DW021ZZ,2.25,9
DW031ZZ,9.333333333333334,28
DW041ZZ,8.0,8
DW061ZZ,2.1538461538461537,28
DW064ZZ,1.0,1
DW22DZZ,1.0,1
GZB0ZZZ,5.666666666666667,17
GZB2ZZZ,5.0,5
GZB4ZZZ,3.25,13
HZ2ZZZZ,1.0,4
X2A5312,1.0,5
X2C0361,1.0,6
X2C1361,1.0,2
X2RF332,1.0,15
XW03331,1.0,2
XW033H4,1.0,1
XW04351,1.0,1
XW0DXR5,1.0,1
